catalogue_filename,type_analysis
forecast_2016_08_24T00_00_00day.txt,OELF
Central_Italy_EQ_01.csv,RLA
forecast_2016_08_24T01_36_33day.txt,OELF
Central_Italy_EQ_02.csv,RLA
forecast_2016_08_24T02_33_29day.txt,OELF
forecast_2016_10_26T00_00_00day.txt,OELF
Central_Italy_EQ_03.csv,RLA
forecast_2016_10_26T17_10_37day.txt,OELF
Central_Italy_EQ_04.csv,RLA
forecast_2016_10_26T19_18_08day.txt,OELF
Central_Italy_EQ_05.csv,RLA
forecast_2016_10_30T06_40_18day.txt,OELF
forecast_2017_01_18T00_00_00day.txt,OELF
Central_Italy_EQ_06.csv,RLA
forecast_2017_01_18T09_25_41day.txt,OELF
Central_Italy_EQ_07.csv,RLA
forecast_2017_01_18T10_14_10day.txt,OELF
Central_Italy_EQ_08.csv,RLA
forecast_2017_01_18T10_25_24day.txt,OELF
Central_Italy_EQ_09.csv,RLA
forecast_2017_01_18T13_33_37day.txt,OELF
