Taxonomy,DS0,DS1,DS2,DS3,DS4
CR/LFINF+CDN+LFC:0.0/H:1,0,0,0,0.001,0.07
CR/LFINF+CDN+LFC:0.0/H:2,0,0,0,0.001,0.07
CR/LFINF+CDN+LFC:0.0/H:3,0,0,0,0.001,0.07
CR/LFINF+CDN+LFC:0.0/H:4,0,0,0,0.001,0.07
CR/LFINF+CDN+LFC:0.0/H:5,0,0,0,0.001,0.07
CR/LFINF+CDN+LFC:0.0/H:6,0,0,0,0.001,0.07
CR/LFINF+CDL+LFC:5.0/H:1,0,0,0,0.001,0.05
CR/LFINF+CDL+LFC:5.0/H:2,0,0,0,0.001,0.05
CR/LFINF+CDL+LFC:5.0/H:3,0,0,0,0.001,0.05
CR/LFINF+CDL+LFC:5.0/H:4,0,0,0,0.001,0.05
CR/LFINF+CDL+LFC:5.0/H:5,0,0,0,0.001,0.05
CR/LFINF+CDL+LFC:5.0/H:6,0,0,0,0.001,0.05
CR/LFINF+CDL+LFC:10.0/H:1,0,0,0,0.001,0.05
CR/LFINF+CDL+LFC:10.0/H:2,0,0,0,0.001,0.05
CR/LFINF+CDL+LFC:10.0/H:3,0,0,0,0.001,0.05
CR/LFINF+CDL+LFC:10.0/H:4,0,0,0,0.001,0.05
CR/LFINF+CDL+LFC:10.0/H:5,0,0,0,0.001,0.05
CR/LFINF+CDL+LFC:10.0/H:6,0,0,0,0.001,0.05
MUR+CL/LWAL+CDN/H:3,0,0,0,0.001,0.05
MUR+CL/LWAL+CDN/H:4,0,0,0,0.001,0.05
MUR+CL/LWAL+CDN/H:5,0,0,0,0.001,0.05
MCF/LWAL+CDL/H:1,0,0,0,0.001,0.05
MCF/LWAL+CDL/H:2,0,0,0,0.001,0.05
MCF/LWAL+CDL/H:3,0,0,0,0.001,0.05
MCF/LWAL+CDL/H:4,0,0,0,0.001,0.05
MCF/LWAL+CDL/H:5,0,0,0,0.001,0.05
MUR+STRUB/LWAL+CDN/H:1,0,0,0.001,0.002,0.119
MUR+STRUB/LWAL+CDN/H:2,0,0,0.001,0.002,0.119
MUR+STRUB/LWAL+CDN/H:3,0,0,0.001,0.002,0.119
MUR+STRUB/LWAL+CDN/H:4,0,0,0.001,0.002,0.119
MUR+STRUB/LWAL+CDN/H:5,0,0,0.001,0.002,0.119
MUR+STDRE/LWAL+CDN/H:4,0,0,0.001,0.002,0.079
MUR+STDRE/LWAL+CDN/H:5,0,0,0.001,0.002,0.079
Budva_hotel,0,0,0,0.001,0.0299
Grenoble_city_hall,0,0,0,0.001,0.0299
Swiss_building,0,0,0,0.001,0.05
