Taxonomy,DS0,DS1,DS2,DS3,DS4
CR/LFINF+CDN+LFC:0.0/H:1,0,0.005,0.02,0.1,1.27
CR/LFINF+CDN+LFC:0.0/H:2,0,0.005,0.02,0.1,1.27
CR/LFINF+CDN+LFC:0.0/H:3,0,0.005,0.02,0.1,1.27
CR/LFINF+CDN+LFC:0.0/H:4,0,0.005,0.02,0.1,1.27
CR/LFINF+CDN+LFC:0.0/H:5,0,0.005,0.02,0.1,1.27
CR/LFINF+CDN+LFC:0.0/H:6,0,0.005,0.02,0.1,1.27
CR/LFINF+CDL+LFC:5.0/H:1,0,0.005,0.02,0.1,1.18
CR/LFINF+CDL+LFC:5.0/H:2,0,0.005,0.02,0.1,1.18
CR/LFINF+CDL+LFC:5.0/H:3,0,0.005,0.02,0.1,1.18
CR/LFINF+CDL+LFC:5.0/H:4,0,0.005,0.02,0.1,1.18
CR/LFINF+CDL+LFC:5.0/H:5,0,0.005,0.02,0.1,1.18
CR/LFINF+CDL+LFC:5.0/H:6,0,0.005,0.02,0.1,1.18
CR/LFINF+CDL+LFC:10.0/H:1,0,0.005,0.02,0.1,1.18
CR/LFINF+CDL+LFC:10.0/H:2,0,0.005,0.02,0.1,1.18
CR/LFINF+CDL+LFC:10.0/H:3,0,0.005,0.02,0.1,1.18
CR/LFINF+CDL+LFC:10.0/H:4,0,0.005,0.02,0.1,1.18
CR/LFINF+CDL+LFC:10.0/H:5,0,0.005,0.02,0.1,1.18
CR/LFINF+CDL+LFC:10.0/H:6,0,0.005,0.02,0.1,1.18
MUR+CL/LWAL+CDN/H:3,0,0.005,0.02,0.1,1.18
MUR+CL/LWAL+CDN/H:4,0,0.005,0.02,0.1,1.18
MUR+CL/LWAL+CDN/H:5,0,0.005,0.02,0.1,1.18
MCF/LWAL+CDL/H:1,0,0.005,0.02,0.1,1.18
MCF/LWAL+CDL/H:2,0,0.005,0.02,0.1,1.18
MCF/LWAL+CDL/H:3,0,0.005,0.02,0.1,1.18
MCF/LWAL+CDL/H:4,0,0.005,0.02,0.1,1.18
MCF/LWAL+CDL/H:5,0,0.005,0.02,0.1,1.18
MUR+STRUB/LWAL+CDN/H:1,0,0.005,0.04,0.2,2.4
MUR+STRUB/LWAL+CDN/H:2,0,0.005,0.04,0.2,2.4
MUR+STRUB/LWAL+CDN/H:3,0,0.005,0.04,0.2,2.4
MUR+STRUB/LWAL+CDN/H:4,0,0.005,0.04,0.2,2.4
MUR+STRUB/LWAL+CDN/H:5,0,0.005,0.04,0.2,2.4
MUR+STDRE/LWAL+CDN/H:4,0,0.005,0.04,0.2,2.24
MUR+STDRE/LWAL+CDN/H:5,0,0.005,0.04,0.2,2.24
Budva_hotel,0,0.005,0.02,0.1,1.09
Grenoble_city_hall,0,0.005,0.02,0.1,1.09
Swiss_building,0,0.005,0.02,0.1,1.18
