<?xml version="1.0" encoding="UTF-8"?>
<nrml xmlns="http://openquake.org/xmlns/nrml/0.4" xmlns:gml="http://www.opengis.net/gml">
  <exposureModel category="buildings" id="exposure" taxonomySource="GEM taxonomy">
    <description>exposure model</description>
    <conversions>
      <costTypes>
        <costType name="structural" type="aggregated" unit="EUR"/>
      </costTypes>
    </conversions>
    <occupancyPeriods>time</occupancyPeriods>
    <tagNames>occupancy id_3 name_3 id_1 name_1 id_2 name_2 building_id</tagNames>
    <assets>exposure_model_current.csv</assets>
  </exposureModel>
</nrml>
