Taxonomy,DS0,DS1,DS2,DS3,DS4
CR/LFINF+CDN+LFC:0.0/H:1,0,0.05,0.2,1,6.35
CR/LFINF+CDN+LFC:0.0/H:2,0,0.05,0.2,1,6.35
CR/LFINF+CDN+LFC:0.0/H:3,0,0.05,0.2,1,6.35
CR/LFINF+CDN+LFC:0.0/H:4,0,0.05,0.2,1,6.35
CR/LFINF+CDN+LFC:0.0/H:5,0,0.05,0.2,1,6.35
CR/LFINF+CDN+LFC:0.0/H:6,0,0.05,0.2,1,6.35
CR/LFINF+CDL+LFC:5.0/H:1,0,0.05,0.2,1,5.9
CR/LFINF+CDL+LFC:5.0/H:2,0,0.05,0.2,1,5.9
CR/LFINF+CDL+LFC:5.0/H:3,0,0.05,0.2,1,5.9
CR/LFINF+CDL+LFC:5.0/H:4,0,0.05,0.2,1,5.9
CR/LFINF+CDL+LFC:5.0/H:5,0,0.05,0.2,1,5.9
CR/LFINF+CDL+LFC:5.0/H:6,0,0.05,0.2,1,5.9
CR/LFINF+CDL+LFC:10.0/H:1,0,0.05,0.2,1,5.9
CR/LFINF+CDL+LFC:10.0/H:2,0,0.05,0.2,1,5.9
CR/LFINF+CDL+LFC:10.0/H:3,0,0.05,0.2,1,5.9
CR/LFINF+CDL+LFC:10.0/H:4,0,0.05,0.2,1,5.9
CR/LFINF+CDL+LFC:10.0/H:5,0,0.05,0.2,1,5.9
CR/LFINF+CDL+LFC:10.0/H:6,0,0.05,0.2,1,5.9
MUR+CL/LWAL+CDN/H:3,0,0.05,0.2,1,5.9
MUR+CL/LWAL+CDN/H:4,0,0.05,0.2,1,5.9
MUR+CL/LWAL+CDN/H:5,0,0.05,0.2,1,5.9
MCF/LWAL+CDL/H:1,0,0.05,0.2,1,5.9
MCF/LWAL+CDL/H:2,0,0.05,0.2,1,5.9
MCF/LWAL+CDL/H:3,0,0.05,0.2,1,5.9
MCF/LWAL+CDL/H:4,0,0.05,0.2,1,5.9
MCF/LWAL+CDL/H:5,0,0.05,0.2,1,5.9
MUR+STRUB/LWAL+CDN/H:1,0,0.05,0.4,2,12
MUR+STRUB/LWAL+CDN/H:2,0,0.05,0.4,2,12
MUR+STRUB/LWAL+CDN/H:3,0,0.05,0.4,2,12
MUR+STRUB/LWAL+CDN/H:4,0,0.05,0.4,2,12
MUR+STRUB/LWAL+CDN/H:5,0,0.05,0.4,2,12
MUR+STDRE/LWAL+CDN/H:4,0,0.05,0.4,2,11.2
MUR+STDRE/LWAL+CDN/H:5,0,0.05,0.4,2,11.2
Budva_hotel,0,0.05,0.2,1,5.45
Grenoble_city_hall,0,0.05,0.2,1,5.45
Swiss_building,0,0.05,0.2,1,5.9
