Taxonomy,DS0,DS1,DS2,DS3,DS4
CR/LFINF+CDN+LFC:0.0/H:1,0,5,15,60,100
CR/LFINF+CDN+LFC:0.0/H:2,0,5,15,60,100
CR/LFINF+CDN+LFC:0.0/H:3,0,5,15,60,100
CR/LFINF+CDN+LFC:0.0/H:4,0,5,15,60,100
CR/LFINF+CDN+LFC:0.0/H:5,0,5,15,60,100
CR/LFINF+CDN+LFC:0.0/H:6,0,5,15,60,100
CR/LFINF+CDL+LFC:5.0/H:1,0,5,15,60,100
CR/LFINF+CDL+LFC:5.0/H:2,0,5,15,60,100
CR/LFINF+CDL+LFC:5.0/H:3,0,5,15,60,100
CR/LFINF+CDL+LFC:5.0/H:4,0,5,15,60,100
CR/LFINF+CDL+LFC:5.0/H:5,0,5,15,60,100
CR/LFINF+CDL+LFC:5.0/H:6,0,5,15,60,100
CR/LFINF+CDL+LFC:10.0/H:1,0,5,15,60,100
CR/LFINF+CDL+LFC:10.0/H:2,0,5,15,60,100
CR/LFINF+CDL+LFC:10.0/H:3,0,5,15,60,100
CR/LFINF+CDL+LFC:10.0/H:4,0,5,15,60,100
CR/LFINF+CDL+LFC:10.0/H:5,0,5,15,60,100
CR/LFINF+CDL+LFC:10.0/H:6,0,5,15,60,100
MUR+CL/LWAL+CDN/H:3,0,5,15,60,100
MUR+CL/LWAL+CDN/H:4,0,5,15,60,100
MUR+CL/LWAL+CDN/H:5,0,5,15,60,100
MCF/LWAL+CDL/H:1,0,5,15,60,100
MCF/LWAL+CDL/H:2,0,5,15,60,100
MCF/LWAL+CDL/H:3,0,5,15,60,100
MCF/LWAL+CDL/H:4,0,5,15,60,100
MCF/LWAL+CDL/H:5,0,5,15,60,100
MUR+STRUB/LWAL+CDN/H:1,0,5,15,60,100
MUR+STRUB/LWAL+CDN/H:2,0,5,15,60,100
MUR+STRUB/LWAL+CDN/H:3,0,5,15,60,100
MUR+STRUB/LWAL+CDN/H:4,0,5,15,60,100
MUR+STRUB/LWAL+CDN/H:5,0,5,15,60,100
MUR+STDRE/LWAL+CDN/H:4,0,5,15,60,100
MUR+STDRE/LWAL+CDN/H:5,0,5,15,60,100
Budva_hotel,0,5,15,60,100
Grenoble_city_hall,0,5,15,60,100
Swiss_building,0,5,15,60,100
