Taxonomy,DS0,DS1,DS2,DS3,DS4
CR/LFINF+CDN+LFC:0.0/H:1,0,0,0,0.001,0.73
CR/LFINF+CDN+LFC:0.0/H:2,0,0,0,0.001,0.88
CR/LFINF+CDN+LFC:0.0/H:3,0,0,0,0.001,1.03
CR/LFINF+CDN+LFC:0.0/H:4,0,0,0,0.001,1.03
CR/LFINF+CDN+LFC:0.0/H:5,0,0,0,0.001,2.005
CR/LFINF+CDN+LFC:0.0/H:6,0,0,0,0.001,2.005
CR/LFINF+CDL+LFC:5.0/H:1,0,0,0,0.001,0.49
CR/LFINF+CDL+LFC:5.0/H:2,0,0,0,0.001,0.59
CR/LFINF+CDL+LFC:5.0/H:3,0,0,0,0.001,0.69
CR/LFINF+CDL+LFC:5.0/H:4,0,0,0,0.001,0.69
CR/LFINF+CDL+LFC:5.0/H:5,0,0,0,0.001,1.34
CR/LFINF+CDL+LFC:5.0/H:6,0,0,0,0.001,1.34
CR/LFINF+CDL+LFC:10.0/H:1,0,0,0,0.001,0.49
CR/LFINF+CDL+LFC:10.0/H:2,0,0,0,0.001,0.59
CR/LFINF+CDL+LFC:10.0/H:3,0,0,0,0.001,0.69
CR/LFINF+CDL+LFC:10.0/H:4,0,0,0,0.001,0.69
CR/LFINF+CDL+LFC:10.0/H:5,0,0,0,0.001,1.34
CR/LFINF+CDL+LFC:10.0/H:6,0,0,0,0.001,1.34
MUR+CL/LWAL+CDN/H:3,0,0,0,0.001,0.69
MUR+CL/LWAL+CDN/H:4,0,0,0,0.001,0.69
MUR+CL/LWAL+CDN/H:5,0,0,0,0.001,1.34
MCF/LWAL+CDL/H:1,0,0,0,0.001,0.49
MCF/LWAL+CDL/H:2,0,0,0,0.001,1.025
MCF/LWAL+CDL/H:3,0,0,0,0.001,1.2
MCF/LWAL+CDL/H:4,0,0,0,0.001,1.2
MCF/LWAL+CDL/H:5,0,0,0,0.001,1.34
MUR+STRUB/LWAL+CDN/H:1,0,0,0.001,0.002,1.219
MUR+STRUB/LWAL+CDN/H:2,0,0,0.001,0.002,1.469
MUR+STRUB/LWAL+CDN/H:3,0,0,0.001,0.002,1.719
MUR+STRUB/LWAL+CDN/H:4,0,0,0.001,0.002,1.719
MUR+STRUB/LWAL+CDN/H:5,0,0,0.001,0.002,3.344
MUR+STDRE/LWAL+CDN/H:4,0,0,0.001,0.002,1.039
MUR+STDRE/LWAL+CDN/H:5,0,0,0.001,0.002,2.014
Budva_hotel,0,0,0,0.001,0.6749
Grenoble_city_hall,0,0,0,0.001,0.6749
Swiss_building,0,0,0,0.001,0.69
