<?xml version="1.0" ?>
<nrml xmlns="http://openquake.org/xmlns/nrml/0.5">
<fragilityModel assetCategory="buildings" id="fragility_model" lossCategory="structural">
<description>State-dependent fragility model Orlacchio (2022) PhD Thesis</description>
<limitStates>slight moderate extensive complete</limitStates>
<fragilityFunction format="continuous" id="CR/LFINF+CDL+LFC:5.0/H:3/DS0" shape="logncdf">
<imls imt="AvgSA" maxIML="5" minIML="1e-15" noDamageLimit="1e-15"/>
<params ls="slight" mean="0.1768" stddev="0.0505"/>
<params ls="moderate" mean="0.3253" stddev="0.1033"/>
<params ls="extensive" mean="0.4253" stddev="0.1535"/>
<params ls="complete" mean="0.4605" stddev="0.1764"/>
</fragilityFunction>
<fragilityFunction format="continuous" id="CR/LFINF+CDL+LFC:5.0/H:3/DS1" shape="logncdf">
<imls imt="AvgSA" maxIML="5" minIML="1e-15" noDamageLimit="1e-15"/>
<params ls="slight" mean="1E-10" stddev="1E-10"/>
<params ls="moderate" mean="0.2463" stddev="0.0943"/>
<params ls="extensive" mean="0.3721" stddev="0.1343"/>
<params ls="complete" mean="0.4424" stddev="0.1793"/>
</fragilityFunction>
<fragilityFunction format="continuous" id="CR/LFINF+CDL+LFC:5.0/H:3/DS2" shape="logncdf">
<imls imt="AvgSA" maxIML="5" minIML="1e-15" noDamageLimit="1e-15"/>
<params ls="slight" mean="1E-10" stddev="1E-10"/>
<params ls="moderate" mean="1E-10" stddev="1E-10"/>
<params ls="extensive" mean="0.1620" stddev="0.0942"/>
<params ls="complete" mean="0.3001" stddev="0.1457"/>
</fragilityFunction>
<fragilityFunction format="continuous" id="CR/LFINF+CDL+LFC:5.0/H:3/DS3" shape="logncdf">
<imls imt="AvgSA" maxIML="5" minIML="1e-15" noDamageLimit="1e-15"/>
<params ls="slight" mean="1E-10" stddev="1E-10"/>
<params ls="moderate" mean="1E-10" stddev="1E-10"/>
<params ls="extensive" mean="1E-10" stddev="1E-10"/>
<params ls="complete" mean="0.1473" stddev="0.1048"/>
</fragilityFunction>
<fragilityFunction format="continuous" id="CR/LFINF+CDL+LFC:5.0/H:3/DS4" shape="logncdf">
<imls imt="AvgSA" maxIML="5" minIML="1e-15" noDamageLimit="1e-15"/>
<params ls="slight" mean="1E-10" stddev="1E-10"/>
<params ls="moderate" mean="1E-10" stddev="1E-10"/>
<params ls="extensive" mean="1E-10" stddev="1E-10"/>
<params ls="complete" mean="1E-10" stddev="1E-10"/>
</fragilityFunction>
<fragilityFunction format="continuous" id="MCF/LWAL+CDL/H:3/DS0" shape="logncdf">
<imls imt="AvgSA" maxIML="5" minIML="1e-15" noDamageLimit="1e-15"/>
<params ls="slight" mean="0.0933" stddev="0.0257"/>
<params ls="moderate" mean="0.1889" stddev="0.0600"/>
<params ls="extensive" mean="0.2658" stddev="0.0959"/>
<params ls="complete" mean="0.3372" stddev="0.1443"/>
</fragilityFunction>
<fragilityFunction format="continuous" id="MCF/LWAL+CDL/H:3/DS1" shape="logncdf">
<imls imt="AvgSA" maxIML="5" minIML="1e-15" noDamageLimit="1e-15"/>
<params ls="slight" mean="1E-10" stddev="1E-10"/>
<params ls="moderate" mean="0.1208" stddev="0.0488"/>
<params ls="extensive" mean="0.2178" stddev="0.0781"/>
<params ls="complete" mean="0.2915" stddev="0.1155"/>
</fragilityFunction>
<fragilityFunction format="continuous" id="MCF/LWAL+CDL/H:3/DS2" shape="logncdf">
<imls imt="AvgSA" maxIML="5" minIML="1e-15" noDamageLimit="1e-15"/>
<params ls="slight" mean="1E-10" stddev="1E-10"/>
<params ls="moderate" mean="1E-10" stddev="1E-10"/>
<params ls="extensive" mean="0.0818" stddev="0.0440"/>
<params ls="complete" mean="0.1576" stddev="0.0787"/>
</fragilityFunction>
<fragilityFunction format="continuous" id="MCF/LWAL+CDL/H:3/DS3" shape="logncdf">
<imls imt="AvgSA" maxIML="5" minIML="1e-15" noDamageLimit="1e-15"/>
<params ls="slight" mean="1E-10" stddev="1E-10"/>
<params ls="moderate" mean="1E-10" stddev="1E-10"/>
<params ls="extensive" mean="1E-10" stddev="1E-10"/>
<params ls="complete" mean="0.0748" stddev="0.0480"/>
</fragilityFunction>
<fragilityFunction format="continuous" id="MCF/LWAL+CDL/H:3/DS4" shape="logncdf">
<imls imt="AvgSA" maxIML="5" minIML="1e-15" noDamageLimit="1e-15"/>
<params ls="slight" mean="1E-10" stddev="1E-10"/>
<params ls="moderate" mean="1E-10" stddev="1E-10"/>
<params ls="extensive" mean="1E-10" stddev="1E-10"/>
<params ls="complete" mean="1E-10" stddev="1E-10"/>
</fragilityFunction>
<fragilityFunction format="continuous" id="CR/LFINF+CDN+LFC:0.0/H:3/DS0" shape="logncdf">
<imls imt="AvgSA" maxIML="5" minIML="1e-15" noDamageLimit="1e-15"/>
<params ls="slight" mean="0.1982" stddev="0.0587"/>
<params ls="moderate" mean="0.3462" stddev="0.1100"/>
<params ls="extensive" mean="0.4498" stddev="0.1723"/>
<params ls="complete" mean="0.4963" stddev="0.2012"/>
</fragilityFunction>
<fragilityFunction format="continuous" id="CR/LFINF+CDN+LFC:0.0/H:3/DS1" shape="logncdf">
<imls imt="AvgSA" maxIML="5" minIML="1e-15" noDamageLimit="1e-15"/>
<params ls="slight" mean="1E-10" stddev="1E-10"/>
<params ls="moderate" mean="0.2472" stddev="0.0974"/>
<params ls="extensive" mean="0.3948" stddev="0.1468"/>
<params ls="complete" mean="0.4766" stddev="0.1985"/>
</fragilityFunction>
<fragilityFunction format="continuous" id="CR/LFINF+CDN+LFC:0.0/H:3/DS2" shape="logncdf">
<imls imt="AvgSA" maxIML="5" minIML="1e-15" noDamageLimit="1e-15"/>
<params ls="slight" mean="1E-10" stddev="1E-10"/>
<params ls="moderate" mean="1E-10" stddev="1E-10"/>
<params ls="extensive" mean="0.1735" stddev="0.1010"/>
<params ls="complete" mean="0.3142" stddev="0.1599"/>
</fragilityFunction>
<fragilityFunction format="continuous" id="CR/LFINF+CDN+LFC:0.0/H:3/DS3" shape="logncdf">
<imls imt="AvgSA" maxIML="5" minIML="1e-15" noDamageLimit="1e-15"/>
<params ls="slight" mean="1E-10" stddev="1E-10"/>
<params ls="moderate" mean="1E-10" stddev="1E-10"/>
<params ls="extensive" mean="1E-10" stddev="1E-10"/>
<params ls="complete" mean="0.3324" stddev="1.0539"/>
</fragilityFunction>
<fragilityFunction format="continuous" id="CR/LFINF+CDN+LFC:0.0/H:3/DS4" shape="logncdf">
<imls imt="AvgSA" maxIML="5" minIML="1e-15" noDamageLimit="1e-15"/>
<params ls="slight" mean="1E-10" stddev="1E-10"/>
<params ls="moderate" mean="1E-10" stddev="1E-10"/>
<params ls="extensive" mean="1E-10" stddev="1E-10"/>
<params ls="complete" mean="1E-10" stddev="1E-10"/>
</fragilityFunction>
<fragilityFunction format="continuous" id="MCF/LWAL+CDL/H:1/DS0" shape="logncdf">
<imls imt="AvgSA" maxIML="5" minIML="1e-15" noDamageLimit="1e-15"/>
<params ls="slight" mean="0.1548" stddev="0.0393"/>
<params ls="moderate" mean="0.2244" stddev="0.0453"/>
<params ls="extensive" mean="0.2744" stddev="0.0498"/>
<params ls="complete" mean="0.3151" stddev="0.0572"/>
</fragilityFunction>
<fragilityFunction format="continuous" id="MCF/LWAL+CDL/H:1/DS1" shape="logncdf">
<imls imt="AvgSA" maxIML="5" minIML="1e-15" noDamageLimit="1e-15"/>
<params ls="slight" mean="1E-10" stddev="1E-10"/>
<params ls="moderate" mean="0.1256" stddev="0.0423"/>
<params ls="extensive" mean="0.2248" stddev="0.0473"/>
<params ls="complete" mean="0.2769" stddev="0.0528"/>
</fragilityFunction>
<fragilityFunction format="continuous" id="MCF/LWAL+CDL/H:1/DS2" shape="logncdf">
<imls imt="AvgSA" maxIML="5" minIML="1e-15" noDamageLimit="1e-15"/>
<params ls="slight" mean="1E-10" stddev="1E-10"/>
<params ls="moderate" mean="1E-10" stddev="1E-10"/>
<params ls="extensive" mean="0.0695" stddev="0.0261"/>
<params ls="complete" mean="0.1271" stddev="0.0445"/>
</fragilityFunction>
<fragilityFunction format="continuous" id="MCF/LWAL+CDL/H:1/DS3" shape="logncdf">
<imls imt="AvgSA" maxIML="5" minIML="1e-15" noDamageLimit="1e-15"/>
<params ls="slight" mean="1E-10" stddev="1E-10"/>
<params ls="moderate" mean="1E-10" stddev="1E-10"/>
<params ls="extensive" mean="1E-10" stddev="1E-10"/>
<params ls="complete" mean="0.0546" stddev="0.0238"/>
</fragilityFunction>
<fragilityFunction format="continuous" id="MCF/LWAL+CDL/H:1/DS4" shape="logncdf">
<imls imt="AvgSA" maxIML="5" minIML="1e-15" noDamageLimit="1e-15"/>
<params ls="slight" mean="1E-10" stddev="1E-10"/>
<params ls="moderate" mean="1E-10" stddev="1E-10"/>
<params ls="extensive" mean="1E-10" stddev="1E-10"/>
<params ls="complete" mean="1E-10" stddev="1E-10"/>
</fragilityFunction>
<fragilityFunction format="continuous" id="MCF/LWAL+CDL/H:4/DS0" shape="logncdf">
<imls imt="AvgSA" maxIML="5" minIML="1e-15" noDamageLimit="1e-15"/>
<params ls="slight" mean="0.0954" stddev="0.0334"/>
<params ls="moderate" mean="0.2042" stddev="0.0805"/>
<params ls="extensive" mean="0.2962" stddev="0.1335"/>
<params ls="complete" mean="0.3779" stddev="0.1835"/>
</fragilityFunction>
<fragilityFunction format="continuous" id="MCF/LWAL+CDL/H:4/DS1" shape="logncdf">
<imls imt="AvgSA" maxIML="5" minIML="1e-15" noDamageLimit="1e-15"/>
<params ls="slight" mean="1E-10" stddev="1E-10"/>
<params ls="moderate" mean="0.1398" stddev="0.0614"/>
<params ls="extensive" mean="0.2489" stddev="0.1090"/>
<params ls="complete" mean="0.3350" stddev="0.1552"/>
</fragilityFunction>
<fragilityFunction format="continuous" id="MCF/LWAL+CDL/H:4/DS2" shape="logncdf">
<imls imt="AvgSA" maxIML="5" minIML="1e-15" noDamageLimit="1e-15"/>
<params ls="slight" mean="1E-10" stddev="1E-10"/>
<params ls="moderate" mean="1E-10" stddev="1E-10"/>
<params ls="extensive" mean="0.0960" stddev="0.0585"/>
<params ls="complete" mean="0.1823" stddev="0.1023"/>
</fragilityFunction>
<fragilityFunction format="continuous" id="MCF/LWAL+CDL/H:4/DS3" shape="logncdf">
<imls imt="AvgSA" maxIML="5" minIML="1e-15" noDamageLimit="1e-15"/>
<params ls="slight" mean="1E-10" stddev="1E-10"/>
<params ls="moderate" mean="1E-10" stddev="1E-10"/>
<params ls="extensive" mean="1E-10" stddev="1E-10"/>
<params ls="complete" mean="0.0997" stddev="0.0715"/>
</fragilityFunction>
<fragilityFunction format="continuous" id="MCF/LWAL+CDL/H:4/DS4" shape="logncdf">
<imls imt="AvgSA" maxIML="5" minIML="1e-15" noDamageLimit="1e-15"/>
<params ls="slight" mean="1E-10" stddev="1E-10"/>
<params ls="moderate" mean="1E-10" stddev="1E-10"/>
<params ls="extensive" mean="1E-10" stddev="1E-10"/>
<params ls="complete" mean="1E-10" stddev="1E-10"/>
</fragilityFunction>
<fragilityFunction format="continuous" id="MUR+STRUB/LWAL+CDN/H:3/DS0" shape="logncdf">
<imls imt="AvgSA" maxIML="5" minIML="1e-15" noDamageLimit="1e-15"/>
<params ls="slight" mean="0.0523" stddev="0.0161"/>
<params ls="moderate" mean="0.1056" stddev="0.0358"/>
<params ls="extensive" mean="0.1612" stddev="0.0635"/>
<params ls="complete" mean="0.1966" stddev="0.0863"/>
</fragilityFunction>
<fragilityFunction format="continuous" id="MUR+STRUB/LWAL+CDN/H:3/DS1" shape="logncdf">
<imls imt="AvgSA" maxIML="5" minIML="1e-15" noDamageLimit="1e-15"/>
<params ls="slight" mean="1E-10" stddev="1E-10"/>
<params ls="moderate" mean="0.0741" stddev="0.0320"/>
<params ls="extensive" mean="0.1307" stddev="0.0502"/>
<params ls="complete" mean="0.1759" stddev="0.0745"/>
</fragilityFunction>
<fragilityFunction format="continuous" id="MUR+STRUB/LWAL+CDN/H:3/DS2" shape="logncdf">
<imls imt="AvgSA" maxIML="5" minIML="1e-15" noDamageLimit="1e-15"/>
<params ls="slight" mean="1E-10" stddev="1E-10"/>
<params ls="moderate" mean="1E-10" stddev="1E-10"/>
<params ls="extensive" mean="0.0494" stddev="0.0253"/>
<params ls="complete" mean="0.0960" stddev="0.0478"/>
</fragilityFunction>
<fragilityFunction format="continuous" id="MUR+STRUB/LWAL+CDN/H:3/DS3" shape="logncdf">
<imls imt="AvgSA" maxIML="5" minIML="1e-15" noDamageLimit="1e-15"/>
<params ls="slight" mean="1E-10" stddev="1E-10"/>
<params ls="moderate" mean="1E-10" stddev="1E-10"/>
<params ls="extensive" mean="1E-10" stddev="1E-10"/>
<params ls="complete" mean="0.0451" stddev="0.0289"/>
</fragilityFunction>
<fragilityFunction format="continuous" id="MUR+STRUB/LWAL+CDN/H:3/DS4" shape="logncdf">
<imls imt="AvgSA" maxIML="5" minIML="1e-15" noDamageLimit="1e-15"/>
<params ls="slight" mean="1E-10" stddev="1E-10"/>
<params ls="moderate" mean="1E-10" stddev="1E-10"/>
<params ls="extensive" mean="1E-10" stddev="1E-10"/>
<params ls="complete" mean="1E-10" stddev="1E-10"/>
</fragilityFunction>
<fragilityFunction format="continuous" id="MCF/LWAL+CDL/H:5/DS0" shape="logncdf">
<imls imt="AvgSA" maxIML="5" minIML="1e-15" noDamageLimit="1e-15"/>
<params ls="slight" mean="0.0964" stddev="0.0369"/>
<params ls="moderate" mean="0.2112" stddev="0.1025"/>
<params ls="extensive" mean="0.3112" stddev="0.1511"/>
<params ls="complete" mean="0.3909" stddev="0.1943"/>
</fragilityFunction>
<fragilityFunction format="continuous" id="MCF/LWAL+CDL/H:5/DS1" shape="logncdf">
<imls imt="AvgSA" maxIML="5" minIML="1e-15" noDamageLimit="1e-15"/>
<params ls="slight" mean="1E-10" stddev="1E-10"/>
<params ls="moderate" mean="0.1400" stddev="0.0706"/>
<params ls="extensive" mean="0.2596" stddev="0.1275"/>
<params ls="complete" mean="0.3521" stddev="0.1759"/>
</fragilityFunction>
<fragilityFunction format="continuous" id="MCF/LWAL+CDL/H:5/DS2" shape="logncdf">
<imls imt="AvgSA" maxIML="5" minIML="1e-15" noDamageLimit="1e-15"/>
<params ls="slight" mean="1E-10" stddev="1E-10"/>
<params ls="moderate" mean="1E-10" stddev="1E-10"/>
<params ls="extensive" mean="0.1078" stddev="0.0711"/>
<params ls="complete" mean="0.2085" stddev="0.1297"/>
</fragilityFunction>
<fragilityFunction format="continuous" id="MCF/LWAL+CDL/H:5/DS3" shape="logncdf">
<imls imt="AvgSA" maxIML="5" minIML="1e-15" noDamageLimit="1e-15"/>
<params ls="slight" mean="1E-10" stddev="1E-10"/>
<params ls="moderate" mean="1E-10" stddev="1E-10"/>
<params ls="extensive" mean="1E-10" stddev="1E-10"/>
<params ls="complete" mean="0.1226" stddev="0.1052"/>
</fragilityFunction>
<fragilityFunction format="continuous" id="MCF/LWAL+CDL/H:5/DS4" shape="logncdf">
<imls imt="AvgSA" maxIML="5" minIML="1e-15" noDamageLimit="1e-15"/>
<params ls="slight" mean="1E-10" stddev="1E-10"/>
<params ls="moderate" mean="1E-10" stddev="1E-10"/>
<params ls="extensive" mean="1E-10" stddev="1E-10"/>
<params ls="complete" mean="1E-10" stddev="1E-10"/>
</fragilityFunction>
<fragilityFunction format="continuous" id="CR/LFINF+CDL+LFC:10.0/H:1/DS0" shape="logncdf">
<imls imt="AvgSA" maxIML="5" minIML="1e-15" noDamageLimit="1e-15"/>
<params ls="slight" mean="0.3808" stddev="0.0927"/>
<params ls="moderate" mean="0.6353" stddev="0.0829"/>
<params ls="extensive" mean="0.7646" stddev="0.0844"/>
<params ls="complete" mean="0.9249" stddev="0.1678"/>
</fragilityFunction>
<fragilityFunction format="continuous" id="CR/LFINF+CDL+LFC:10.0/H:1/DS1" shape="logncdf">
<imls imt="AvgSA" maxIML="5" minIML="1e-15" noDamageLimit="1e-15"/>
<params ls="slight" mean="1E-10" stddev="1E-10"/>
<params ls="moderate" mean="0.5691" stddev="0.1033"/>
<params ls="extensive" mean="0.7191" stddev="0.1158"/>
<params ls="complete" mean="0.8831" stddev="0.2058"/>
</fragilityFunction>
<fragilityFunction format="continuous" id="CR/LFINF+CDL+LFC:10.0/H:1/DS2" shape="logncdf">
<imls imt="AvgSA" maxIML="5" minIML="1e-15" noDamageLimit="1e-15"/>
<params ls="slight" mean="1E-10" stddev="1E-10"/>
<params ls="moderate" mean="1E-10" stddev="1E-10"/>
<params ls="extensive" mean="0.2962" stddev="0.1335"/>
<params ls="complete" mean="0.5890" stddev="0.2256"/>
</fragilityFunction>
<fragilityFunction format="continuous" id="CR/LFINF+CDL+LFC:10.0/H:1/DS3" shape="logncdf">
<imls imt="AvgSA" maxIML="5" minIML="1e-15" noDamageLimit="1e-15"/>
<params ls="slight" mean="1E-10" stddev="1E-10"/>
<params ls="moderate" mean="1E-10" stddev="1E-10"/>
<params ls="extensive" mean="1E-10" stddev="1E-10"/>
<params ls="complete" mean="0.2481" stddev="0.1292"/>
</fragilityFunction>
<fragilityFunction format="continuous" id="CR/LFINF+CDL+LFC:10.0/H:1/DS4" shape="logncdf">
<imls imt="AvgSA" maxIML="5" minIML="1e-15" noDamageLimit="1e-15"/>
<params ls="slight" mean="1E-10" stddev="1E-10"/>
<params ls="moderate" mean="1E-10" stddev="1E-10"/>
<params ls="extensive" mean="1E-10" stddev="1E-10"/>
<params ls="complete" mean="1E-10" stddev="1E-10"/>
</fragilityFunction>
<fragilityFunction format="continuous" id="MUR+CL/LWAL+CDN/H:5/DS0" shape="logncdf">
<imls imt="AvgSA" maxIML="5" minIML="1e-15" noDamageLimit="1e-15"/>
<params ls="slight" mean="0.0653" stddev="0.0279"/>
<params ls="moderate" mean="0.1445" stddev="0.0702"/>
<params ls="extensive" mean="0.2010" stddev="0.0999"/>
<params ls="complete" mean="0.2581" stddev="0.1314"/>
</fragilityFunction>
<fragilityFunction format="continuous" id="MUR+CL/LWAL+CDN/H:5/DS1" shape="logncdf">
<imls imt="AvgSA" maxIML="5" minIML="1e-15" noDamageLimit="1e-15"/>
<params ls="slight" mean="1E-10" stddev="1E-10"/>
<params ls="moderate" mean="0.0900" stddev="0.0463"/>
<params ls="extensive" mean="0.1672" stddev="0.0851"/>
<params ls="complete" mean="0.2288" stddev="0.1162"/>
</fragilityFunction>
<fragilityFunction format="continuous" id="MUR+CL/LWAL+CDN/H:5/DS2" shape="logncdf">
<imls imt="AvgSA" maxIML="5" minIML="1e-15" noDamageLimit="1e-15"/>
<params ls="slight" mean="1E-10" stddev="1E-10"/>
<params ls="moderate" mean="1E-10" stddev="1E-10"/>
<params ls="extensive" mean="0.0714" stddev="0.0487"/>
<params ls="complete" mean="0.1339" stddev="0.0824"/>
</fragilityFunction>
<fragilityFunction format="continuous" id="MUR+CL/LWAL+CDN/H:5/DS3" shape="logncdf">
<imls imt="AvgSA" maxIML="5" minIML="1e-15" noDamageLimit="1e-15"/>
<params ls="slight" mean="1E-10" stddev="1E-10"/>
<params ls="moderate" mean="1E-10" stddev="1E-10"/>
<params ls="extensive" mean="1E-10" stddev="1E-10"/>
<params ls="complete" mean="0.0765" stddev="0.0632"/>
</fragilityFunction>
<fragilityFunction format="continuous" id="MUR+CL/LWAL+CDN/H:5/DS4" shape="logncdf">
<imls imt="AvgSA" maxIML="5" minIML="1e-15" noDamageLimit="1e-15"/>
<params ls="slight" mean="1E-10" stddev="1E-10"/>
<params ls="moderate" mean="1E-10" stddev="1E-10"/>
<params ls="extensive" mean="1E-10" stddev="1E-10"/>
<params ls="complete" mean="1E-10" stddev="1E-10"/>
</fragilityFunction>
<fragilityFunction format="continuous" id="MUR+STRUB/LWAL+CDN/H:4/DS0" shape="logncdf">
<imls imt="AvgSA" maxIML="5" minIML="1e-15" noDamageLimit="1e-15"/>
<params ls="slight" mean="0.0535" stddev="0.0205"/>
<params ls="moderate" mean="0.1201" stddev="0.0528"/>
<params ls="extensive" mean="0.1660" stddev="0.0786"/>
<params ls="complete" mean="0.2122" stddev="0.1055"/>
</fragilityFunction>
<fragilityFunction format="continuous" id="MUR+STRUB/LWAL+CDN/H:4/DS1" shape="logncdf">
<imls imt="AvgSA" maxIML="5" minIML="1e-15" noDamageLimit="1e-15"/>
<params ls="slight" mean="1E-10" stddev="1E-10"/>
<params ls="moderate" mean="0.0699" stddev="0.0335"/>
<params ls="extensive" mean="0.1367" stddev="0.0635"/>
<params ls="complete" mean="0.1864" stddev="0.0896"/>
</fragilityFunction>
<fragilityFunction format="continuous" id="MUR+STRUB/LWAL+CDN/H:4/DS2" shape="logncdf">
<imls imt="AvgSA" maxIML="5" minIML="1e-15" noDamageLimit="1e-15"/>
<params ls="slight" mean="1E-10" stddev="1E-10"/>
<params ls="moderate" mean="1E-10" stddev="1E-10"/>
<params ls="extensive" mean="0.0566" stddev="0.0354"/>
<params ls="complete" mean="0.1024" stddev="0.0582"/>
</fragilityFunction>
<fragilityFunction format="continuous" id="MUR+STRUB/LWAL+CDN/H:4/DS3" shape="logncdf">
<imls imt="AvgSA" maxIML="5" minIML="1e-15" noDamageLimit="1e-15"/>
<params ls="slight" mean="1E-10" stddev="1E-10"/>
<params ls="moderate" mean="1E-10" stddev="1E-10"/>
<params ls="extensive" mean="1E-10" stddev="1E-10"/>
<params ls="complete" mean="0.0586" stddev="0.0437"/>
</fragilityFunction>
<fragilityFunction format="continuous" id="MUR+STRUB/LWAL+CDN/H:4/DS4" shape="logncdf">
<imls imt="AvgSA" maxIML="5" minIML="1e-15" noDamageLimit="1e-15"/>
<params ls="slight" mean="1E-10" stddev="1E-10"/>
<params ls="moderate" mean="1E-10" stddev="1E-10"/>
<params ls="extensive" mean="1E-10" stddev="1E-10"/>
<params ls="complete" mean="1E-10" stddev="1E-10"/>
</fragilityFunction>
<fragilityFunction format="continuous" id="Budva_hotel/DS0" shape="logncdf">
<imls imt="AvgSA" maxIML="5" minIML="1e-15" noDamageLimit="1e-15"/>
<params ls="slight" mean="0.2175" stddev="0.0931"/>
<params ls="moderate" mean="0.4786" stddev="0.2048"/>
<params ls="extensive" mean="0.7287" stddev="0.3118"/>
<params ls="complete" mean="0.9572" stddev="0.4095"/>
</fragilityFunction>
<fragilityFunction format="continuous" id="Budva_hotel/DS1" shape="logncdf">
<imls imt="AvgSA" maxIML="5" minIML="1e-15" noDamageLimit="1e-15"/>
<params ls="slight" mean="1E-10" stddev="1E-10"/>
<params ls="moderate" mean="0.2252" stddev="0.1957"/>
<params ls="extensive" mean="0.3312" stddev="0.2878"/>
<params ls="complete" mean="0.4239" stddev="0.3684"/>
</fragilityFunction>
<fragilityFunction format="continuous" id="Budva_hotel/DS2" shape="logncdf">
<imls imt="AvgSA" maxIML="5" minIML="1e-15" noDamageLimit="1e-15"/>
<params ls="slight" mean="1E-10" stddev="1E-10"/>
<params ls="moderate" mean="1E-10" stddev="1E-10"/>
<params ls="extensive" mean="0.3110" stddev="0.2563"/>
<params ls="complete" mean="0.4147" stddev="0.3418"/>
</fragilityFunction>
<fragilityFunction format="continuous" id="Budva_hotel/DS3" shape="logncdf">
<imls imt="AvgSA" maxIML="5" minIML="1e-15" noDamageLimit="1e-15"/>
<params ls="slight" mean="1E-10" stddev="1E-10"/>
<params ls="moderate" mean="1E-10" stddev="1E-10"/>
<params ls="extensive" mean="1E-10" stddev="1E-10"/>
<params ls="complete" mean="0.3305" stddev="0.3129"/>
</fragilityFunction>
<fragilityFunction format="continuous" id="Budva_hotel/DS4" shape="logncdf">
<imls imt="AvgSA" maxIML="5" minIML="1e-15" noDamageLimit="1e-15"/>
<params ls="slight" mean="1E-10" stddev="1E-10"/>
<params ls="moderate" mean="1E-10" stddev="1E-10"/>
<params ls="extensive" mean="1E-10" stddev="1E-10"/>
<params ls="complete" mean="1E-10" stddev="1E-10"/>
</fragilityFunction>
<fragilityFunction format="continuous" id="CR/LFINF+CDL+LFC:5.0/H:6/DS0" shape="logncdf">
<imls imt="AvgSA" maxIML="5" minIML="1e-15" noDamageLimit="1e-15"/>
<params ls="slight" mean="0.1950" stddev="0.0812"/>
<params ls="moderate" mean="0.3071" stddev="0.1384"/>
<params ls="extensive" mean="0.3873" stddev="0.1835"/>
<params ls="complete" mean="0.4132" stddev="0.2054"/>
</fragilityFunction>
<fragilityFunction format="continuous" id="CR/LFINF+CDL+LFC:5.0/H:6/DS1" shape="logncdf">
<imls imt="AvgSA" maxIML="5" minIML="1e-15" noDamageLimit="1e-15"/>
<params ls="slight" mean="1E-10" stddev="1E-10"/>
<params ls="moderate" mean="0.2187" stddev="0.1245"/>
<params ls="extensive" mean="0.3239" stddev="0.1610"/>
<params ls="complete" mean="0.3891" stddev="0.1889"/>
</fragilityFunction>
<fragilityFunction format="continuous" id="CR/LFINF+CDL+LFC:5.0/H:6/DS2" shape="logncdf">
<imls imt="AvgSA" maxIML="5" minIML="1e-15" noDamageLimit="1e-15"/>
<params ls="slight" mean="1E-10" stddev="1E-10"/>
<params ls="moderate" mean="1E-10" stddev="1E-10"/>
<params ls="extensive" mean="0.1556" stddev="0.1025"/>
<params ls="complete" mean="0.2559" stddev="0.1521"/>
</fragilityFunction>
<fragilityFunction format="continuous" id="CR/LFINF+CDL+LFC:5.0/H:6/DS3" shape="logncdf">
<imls imt="AvgSA" maxIML="5" minIML="1e-15" noDamageLimit="1e-15"/>
<params ls="slight" mean="1E-10" stddev="1E-10"/>
<params ls="moderate" mean="1E-10" stddev="1E-10"/>
<params ls="extensive" mean="1E-10" stddev="1E-10"/>
<params ls="complete" mean="0.1112" stddev="0.0806"/>
</fragilityFunction>
<fragilityFunction format="continuous" id="CR/LFINF+CDL+LFC:5.0/H:6/DS4" shape="logncdf">
<imls imt="AvgSA" maxIML="5" minIML="1e-15" noDamageLimit="1e-15"/>
<params ls="slight" mean="1E-10" stddev="1E-10"/>
<params ls="moderate" mean="1E-10" stddev="1E-10"/>
<params ls="extensive" mean="1E-10" stddev="1E-10"/>
<params ls="complete" mean="1E-10" stddev="1E-10"/>
</fragilityFunction>
<fragilityFunction format="continuous" id="CR/LFINF+CDL+LFC:10.0/H:4/DS0" shape="logncdf">
<imls imt="AvgSA" maxIML="5" minIML="1e-15" noDamageLimit="1e-15"/>
<params ls="slight" mean="0.1914" stddev="0.0691"/>
<params ls="moderate" mean="0.3508" stddev="0.1267"/>
<params ls="extensive" mean="0.4374" stddev="0.1627"/>
<params ls="complete" mean="0.5003" stddev="0.2141"/>
</fragilityFunction>
<fragilityFunction format="continuous" id="CR/LFINF+CDL+LFC:10.0/H:4/DS1" shape="logncdf">
<imls imt="AvgSA" maxIML="5" minIML="1e-15" noDamageLimit="1e-15"/>
<params ls="slight" mean="1E-10" stddev="1E-10"/>
<params ls="moderate" mean="0.2590" stddev="0.1050"/>
<params ls="extensive" mean="0.3884" stddev="0.1574"/>
<params ls="complete" mean="0.4826" stddev="0.2175"/>
</fragilityFunction>
<fragilityFunction format="continuous" id="CR/LFINF+CDL+LFC:10.0/H:4/DS2" shape="logncdf">
<imls imt="AvgSA" maxIML="5" minIML="1e-15" noDamageLimit="1e-15"/>
<params ls="slight" mean="1E-10" stddev="1E-10"/>
<params ls="moderate" mean="1E-10" stddev="1E-10"/>
<params ls="extensive" mean="0.1841" stddev="0.1049"/>
<params ls="complete" mean="0.3254" stddev="0.1656"/>
</fragilityFunction>
<fragilityFunction format="continuous" id="CR/LFINF+CDL+LFC:10.0/H:4/DS3" shape="logncdf">
<imls imt="AvgSA" maxIML="5" minIML="1e-15" noDamageLimit="1e-15"/>
<params ls="slight" mean="1E-10" stddev="1E-10"/>
<params ls="moderate" mean="1E-10" stddev="1E-10"/>
<params ls="extensive" mean="1E-10" stddev="1E-10"/>
<params ls="complete" mean="0.1764" stddev="0.1353"/>
</fragilityFunction>
<fragilityFunction format="continuous" id="CR/LFINF+CDL+LFC:10.0/H:4/DS4" shape="logncdf">
<imls imt="AvgSA" maxIML="5" minIML="1e-15" noDamageLimit="1e-15"/>
<params ls="slight" mean="1E-10" stddev="1E-10"/>
<params ls="moderate" mean="1E-10" stddev="1E-10"/>
<params ls="extensive" mean="1E-10" stddev="1E-10"/>
<params ls="complete" mean="1E-10" stddev="1E-10"/>
</fragilityFunction>
<fragilityFunction format="continuous" id="MUR+STRUB/LWAL+CDN/H:1/DS0" shape="logncdf">
<imls imt="AvgSA" maxIML="5" minIML="1e-15" noDamageLimit="1e-15"/>
<params ls="slight" mean="0.0828" stddev="0.0219"/>
<params ls="moderate" mean="0.1332" stddev="0.0297"/>
<params ls="extensive" mean="0.1626" stddev="0.0295"/>
<params ls="complete" mean="0.1826" stddev="0.0313"/>
</fragilityFunction>
<fragilityFunction format="continuous" id="MUR+STRUB/LWAL+CDN/H:1/DS1" shape="logncdf">
<imls imt="AvgSA" maxIML="5" minIML="1e-15" noDamageLimit="1e-15"/>
<params ls="slight" mean="1E-10" stddev="1E-10"/>
<params ls="moderate" mean="0.1023" stddev="0.0267"/>
<params ls="extensive" mean="0.1459" stddev="0.0293"/>
<params ls="complete" mean="0.1729" stddev="0.0319"/>
</fragilityFunction>
<fragilityFunction format="continuous" id="MUR+STRUB/LWAL+CDN/H:1/DS2" shape="logncdf">
<imls imt="AvgSA" maxIML="5" minIML="1e-15" noDamageLimit="1e-15"/>
<params ls="slight" mean="1E-10" stddev="1E-10"/>
<params ls="moderate" mean="1E-10" stddev="1E-10"/>
<params ls="extensive" mean="0.0462" stddev="0.0211"/>
<params ls="complete" mean="0.0896" stddev="0.0365"/>
</fragilityFunction>
<fragilityFunction format="continuous" id="MUR+STRUB/LWAL+CDN/H:1/DS3" shape="logncdf">
<imls imt="AvgSA" maxIML="5" minIML="1e-15" noDamageLimit="1e-15"/>
<params ls="slight" mean="1E-10" stddev="1E-10"/>
<params ls="moderate" mean="1E-10" stddev="1E-10"/>
<params ls="extensive" mean="1E-10" stddev="1E-10"/>
<params ls="complete" mean="0.0331" stddev="0.0154"/>
</fragilityFunction>
<fragilityFunction format="continuous" id="MUR+STRUB/LWAL+CDN/H:1/DS4" shape="logncdf">
<imls imt="AvgSA" maxIML="5" minIML="1e-15" noDamageLimit="1e-15"/>
<params ls="slight" mean="1E-10" stddev="1E-10"/>
<params ls="moderate" mean="1E-10" stddev="1E-10"/>
<params ls="extensive" mean="1E-10" stddev="1E-10"/>
<params ls="complete" mean="1E-10" stddev="1E-10"/>
</fragilityFunction>
<fragilityFunction format="continuous" id="MUR+CL/LWAL+CDN/H:4/DS0" shape="logncdf">
<imls imt="AvgSA" maxIML="5" minIML="1e-15" noDamageLimit="1e-15"/>
<params ls="slight" mean="0.0643" stddev="0.0246"/>
<params ls="moderate" mean="0.1316" stddev="0.0593"/>
<params ls="extensive" mean="0.1890" stddev="0.0917"/>
<params ls="complete" mean="0.2345" stddev="0.1166"/>
</fragilityFunction>
<fragilityFunction format="continuous" id="MUR+CL/LWAL+CDN/H:4/DS1" shape="logncdf">
<imls imt="AvgSA" maxIML="5" minIML="1e-15" noDamageLimit="1e-15"/>
<params ls="slight" mean="1E-10" stddev="1E-10"/>
<params ls="moderate" mean="0.0753" stddev="0.0386"/>
<params ls="extensive" mean="0.1491" stddev="0.0727"/>
<params ls="complete" mean="0.2016" stddev="0.0988"/>
</fragilityFunction>
<fragilityFunction format="continuous" id="MUR+CL/LWAL+CDN/H:4/DS2" shape="logncdf">
<imls imt="AvgSA" maxIML="5" minIML="1e-15" noDamageLimit="1e-15"/>
<params ls="slight" mean="1E-10" stddev="1E-10"/>
<params ls="moderate" mean="1E-10" stddev="1E-10"/>
<params ls="extensive" mean="0.0633" stddev="0.0413"/>
<params ls="complete" mean="0.1159" stddev="0.0679"/>
</fragilityFunction>
<fragilityFunction format="continuous" id="MUR+CL/LWAL+CDN/H:4/DS3" shape="logncdf">
<imls imt="AvgSA" maxIML="5" minIML="1e-15" noDamageLimit="1e-15"/>
<params ls="slight" mean="1E-10" stddev="1E-10"/>
<params ls="moderate" mean="1E-10" stddev="1E-10"/>
<params ls="extensive" mean="1E-10" stddev="1E-10"/>
<params ls="complete" mean="0.0644" stddev="0.0523"/>
</fragilityFunction>
<fragilityFunction format="continuous" id="MUR+CL/LWAL+CDN/H:4/DS4" shape="logncdf">
<imls imt="AvgSA" maxIML="5" minIML="1e-15" noDamageLimit="1e-15"/>
<params ls="slight" mean="1E-10" stddev="1E-10"/>
<params ls="moderate" mean="1E-10" stddev="1E-10"/>
<params ls="extensive" mean="1E-10" stddev="1E-10"/>
<params ls="complete" mean="1E-10" stddev="1E-10"/>
</fragilityFunction>
<fragilityFunction format="continuous" id="MUR+CL/LWAL+CDN/H:3/DS0" shape="logncdf">
<imls imt="AvgSA" maxIML="5" minIML="1e-15" noDamageLimit="1e-15"/>
<params ls="slight" mean="0.0634" stddev="0.0215"/>
<params ls="moderate" mean="0.1165" stddev="0.0408"/>
<params ls="extensive" mean="0.1625" stddev="0.0677"/>
<params ls="complete" mean="0.2084" stddev="0.0939"/>
</fragilityFunction>
<fragilityFunction format="continuous" id="MUR+CL/LWAL+CDN/H:3/DS1" shape="logncdf">
<imls imt="AvgSA" maxIML="5" minIML="1e-15" noDamageLimit="1e-15"/>
<params ls="slight" mean="1E-10" stddev="1E-10"/>
<params ls="moderate" mean="0.0738" stddev="0.0341"/>
<params ls="extensive" mean="0.1348" stddev="0.0543"/>
<params ls="complete" mean="0.1822" stddev="0.0796"/>
</fragilityFunction>
<fragilityFunction format="continuous" id="MUR+CL/LWAL+CDN/H:3/DS2" shape="logncdf">
<imls imt="AvgSA" maxIML="5" minIML="1e-15" noDamageLimit="1e-15"/>
<params ls="slight" mean="1E-10" stddev="1E-10"/>
<params ls="moderate" mean="1E-10" stddev="1E-10"/>
<params ls="extensive" mean="0.0517" stddev="0.0266"/>
<params ls="complete" mean="0.1001" stddev="0.0514"/>
</fragilityFunction>
<fragilityFunction format="continuous" id="MUR+CL/LWAL+CDN/H:3/DS3" shape="logncdf">
<imls imt="AvgSA" maxIML="5" minIML="1e-15" noDamageLimit="1e-15"/>
<params ls="slight" mean="1E-10" stddev="1E-10"/>
<params ls="moderate" mean="1E-10" stddev="1E-10"/>
<params ls="extensive" mean="1E-10" stddev="1E-10"/>
<params ls="complete" mean="0.0495" stddev="0.0310"/>
</fragilityFunction>
<fragilityFunction format="continuous" id="MUR+CL/LWAL+CDN/H:3/DS4" shape="logncdf">
<imls imt="AvgSA" maxIML="5" minIML="1e-15" noDamageLimit="1e-15"/>
<params ls="slight" mean="1E-10" stddev="1E-10"/>
<params ls="moderate" mean="1E-10" stddev="1E-10"/>
<params ls="extensive" mean="1E-10" stddev="1E-10"/>
<params ls="complete" mean="1E-10" stddev="1E-10"/>
</fragilityFunction>
<fragilityFunction format="continuous" id="MCF/LWAL+CDL/H:2/DS0" shape="logncdf">
<imls imt="AvgSA" maxIML="5" minIML="1e-15" noDamageLimit="1e-15"/>
<params ls="slight" mean="0.1125" stddev="0.0239"/>
<params ls="moderate" mean="0.2049" stddev="0.0456"/>
<params ls="extensive" mean="0.2676" stddev="0.0652"/>
<params ls="complete" mean="0.3207" stddev="0.0848"/>
</fragilityFunction>
<fragilityFunction format="continuous" id="MCF/LWAL+CDL/H:2/DS1" shape="logncdf">
<imls imt="AvgSA" maxIML="5" minIML="1e-15" noDamageLimit="1e-15"/>
<params ls="slight" mean="1E-10" stddev="1E-10"/>
<params ls="moderate" mean="0.1370" stddev="0.0381"/>
<params ls="extensive" mean="0.2314" stddev="0.0600"/>
<params ls="complete" mean="0.2921" stddev="0.0788"/>
</fragilityFunction>
<fragilityFunction format="continuous" id="MCF/LWAL+CDL/H:2/DS2" shape="logncdf">
<imls imt="AvgSA" maxIML="5" minIML="1e-15" noDamageLimit="1e-15"/>
<params ls="slight" mean="1E-10" stddev="1E-10"/>
<params ls="moderate" mean="1E-10" stddev="1E-10"/>
<params ls="extensive" mean="0.0743" stddev="0.0328"/>
<params ls="complete" mean="0.1450" stddev="0.0660"/>
</fragilityFunction>
<fragilityFunction format="continuous" id="MCF/LWAL+CDL/H:2/DS3" shape="logncdf">
<imls imt="AvgSA" maxIML="5" minIML="1e-15" noDamageLimit="1e-15"/>
<params ls="slight" mean="1E-10" stddev="1E-10"/>
<params ls="moderate" mean="1E-10" stddev="1E-10"/>
<params ls="extensive" mean="1E-10" stddev="1E-10"/>
<params ls="complete" mean="0.0655" stddev="0.0397"/>
</fragilityFunction>
<fragilityFunction format="continuous" id="MCF/LWAL+CDL/H:2/DS4" shape="logncdf">
<imls imt="AvgSA" maxIML="5" minIML="1e-15" noDamageLimit="1e-15"/>
<params ls="slight" mean="1E-10" stddev="1E-10"/>
<params ls="moderate" mean="1E-10" stddev="1E-10"/>
<params ls="extensive" mean="1E-10" stddev="1E-10"/>
<params ls="complete" mean="1E-10" stddev="1E-10"/>
</fragilityFunction>
<fragilityFunction format="continuous" id="Swiss_building/DS0" shape="logncdf">
<imls imt="AvgSA" maxIML="5" minIML="1e-15" noDamageLimit="1e-15"/>
<params ls="slight" mean="0.0371" stddev="0.0269"/>
<params ls="moderate" mean="0.3459" stddev="0.2508"/>
<params ls="extensive" mean="0.7288" stddev="0.5284"/>
<params ls="complete" mean="1.1611" stddev="0.8419"/>
</fragilityFunction>
<fragilityFunction format="continuous" id="Swiss_building/DS1" shape="logncdf">
<imls imt="AvgSA" maxIML="5" minIML="1e-15" noDamageLimit="1e-15"/>
<params ls="slight" mean="1E-10" stddev="1E-10"/>
<params ls="moderate" mean="0.2100" stddev="0.1523"/>
<params ls="extensive" mean="0.6053" stddev="0.4389"/>
<params ls="complete" mean="0.7782" stddev="0.5643"/>
</fragilityFunction>
<fragilityFunction format="continuous" id="Swiss_building/DS2" shape="logncdf">
<imls imt="AvgSA" maxIML="5" minIML="1e-15" noDamageLimit="1e-15"/>
<params ls="slight" mean="1E-10" stddev="1E-10"/>
<params ls="moderate" mean="1E-10" stddev="1E-10"/>
<params ls="extensive" mean="0.2284" stddev="0.1783"/>
<params ls="complete" mean="0.5583" stddev="0.4359"/>
</fragilityFunction>
<fragilityFunction format="continuous" id="Swiss_building/DS3" shape="logncdf">
<imls imt="AvgSA" maxIML="5" minIML="1e-15" noDamageLimit="1e-15"/>
<params ls="slight" mean="1E-10" stddev="1E-10"/>
<params ls="moderate" mean="1E-10" stddev="1E-10"/>
<params ls="extensive" mean="1E-10" stddev="1E-10"/>
<params ls="complete" mean="0.2782" stddev="0.2417"/>
</fragilityFunction>
<fragilityFunction format="continuous" id="Swiss_building/DS4" shape="logncdf">
<imls imt="AvgSA" maxIML="5" minIML="1e-15" noDamageLimit="1e-15"/>
<params ls="slight" mean="1E-10" stddev="1E-10"/>
<params ls="moderate" mean="1E-10" stddev="1E-10"/>
<params ls="extensive" mean="1E-10" stddev="1E-10"/>
<params ls="complete" mean="1E-10" stddev="1E-10"/>
</fragilityFunction>
<fragilityFunction format="continuous" id="CR/LFINF+CDL+LFC:5.0/H:5/DS0" shape="logncdf">
<imls imt="AvgSA" maxIML="5" minIML="1e-15" noDamageLimit="1e-15"/>
<params ls="slight" mean="0.1763" stddev="0.0485"/>
<params ls="moderate" mean="0.2816" stddev="0.0834"/>
<params ls="extensive" mean="0.3579" stddev="0.1175"/>
<params ls="complete" mean="0.3948" stddev="0.1468"/>
</fragilityFunction>
<fragilityFunction format="continuous" id="CR/LFINF+CDL+LFC:5.0/H:5/DS1" shape="logncdf">
<imls imt="AvgSA" maxIML="5" minIML="1e-15" noDamageLimit="1e-15"/>
<params ls="slight" mean="1E-10" stddev="1E-10"/>
<params ls="moderate" mean="0.2122" stddev="0.1055"/>
<params ls="extensive" mean="0.3291" stddev="0.1483"/>
<params ls="complete" mean="0.4002" stddev="0.1943"/>
</fragilityFunction>
<fragilityFunction format="continuous" id="CR/LFINF+CDL+LFC:5.0/H:5/DS2" shape="logncdf">
<imls imt="AvgSA" maxIML="5" minIML="1e-15" noDamageLimit="1e-15"/>
<params ls="slight" mean="1E-10" stddev="1E-10"/>
<params ls="moderate" mean="1E-10" stddev="1E-10"/>
<params ls="extensive" mean="0.1547" stddev="0.0998"/>
<params ls="complete" mean="0.2532" stddev="0.1442"/>
</fragilityFunction>
<fragilityFunction format="continuous" id="CR/LFINF+CDL+LFC:5.0/H:5/DS3" shape="logncdf">
<imls imt="AvgSA" maxIML="5" minIML="1e-15" noDamageLimit="1e-15"/>
<params ls="slight" mean="1E-10" stddev="1E-10"/>
<params ls="moderate" mean="1E-10" stddev="1E-10"/>
<params ls="extensive" mean="1E-10" stddev="1E-10"/>
<params ls="complete" mean="0.1449" stddev="0.2188"/>
</fragilityFunction>
<fragilityFunction format="continuous" id="CR/LFINF+CDL+LFC:5.0/H:5/DS4" shape="logncdf">
<imls imt="AvgSA" maxIML="5" minIML="1e-15" noDamageLimit="1e-15"/>
<params ls="slight" mean="1E-10" stddev="1E-10"/>
<params ls="moderate" mean="1E-10" stddev="1E-10"/>
<params ls="extensive" mean="1E-10" stddev="1E-10"/>
<params ls="complete" mean="1E-10" stddev="1E-10"/>
</fragilityFunction>
<fragilityFunction format="continuous" id="CR/LFINF+CDL+LFC:10.0/H:5/DS0" shape="logncdf">
<imls imt="AvgSA" maxIML="5" minIML="1e-15" noDamageLimit="1e-15"/>
<params ls="slight" mean="0.1807" stddev="0.0652"/>
<params ls="moderate" mean="0.3320" stddev="0.1272"/>
<params ls="extensive" mean="0.4369" stddev="0.1919"/>
<params ls="complete" mean="0.5090" stddev="0.2412"/>
</fragilityFunction>
<fragilityFunction format="continuous" id="CR/LFINF+CDL+LFC:10.0/H:5/DS1" shape="logncdf">
<imls imt="AvgSA" maxIML="5" minIML="1e-15" noDamageLimit="1e-15"/>
<params ls="slight" mean="1E-10" stddev="1E-10"/>
<params ls="moderate" mean="0.2937" stddev="0.1256"/>
<params ls="extensive" mean="0.4186" stddev="0.1935"/>
<params ls="complete" mean="0.4979" stddev="0.2359"/>
</fragilityFunction>
<fragilityFunction format="continuous" id="CR/LFINF+CDL+LFC:10.0/H:5/DS2" shape="logncdf">
<imls imt="AvgSA" maxIML="5" minIML="1e-15" noDamageLimit="1e-15"/>
<params ls="slight" mean="1E-10" stddev="1E-10"/>
<params ls="moderate" mean="1E-10" stddev="1E-10"/>
<params ls="extensive" mean="0.1882" stddev="0.1166"/>
<params ls="complete" mean="0.3303" stddev="0.1800"/>
</fragilityFunction>
<fragilityFunction format="continuous" id="CR/LFINF+CDL+LFC:10.0/H:5/DS3" shape="logncdf">
<imls imt="AvgSA" maxIML="5" minIML="1e-15" noDamageLimit="1e-15"/>
<params ls="slight" mean="1E-10" stddev="1E-10"/>
<params ls="moderate" mean="1E-10" stddev="1E-10"/>
<params ls="extensive" mean="1E-10" stddev="1E-10"/>
<params ls="complete" mean="0.1778" stddev="0.2258"/>
</fragilityFunction>
<fragilityFunction format="continuous" id="CR/LFINF+CDL+LFC:10.0/H:5/DS4" shape="logncdf">
<imls imt="AvgSA" maxIML="5" minIML="1e-15" noDamageLimit="1e-15"/>
<params ls="slight" mean="1E-10" stddev="1E-10"/>
<params ls="moderate" mean="1E-10" stddev="1E-10"/>
<params ls="extensive" mean="1E-10" stddev="1E-10"/>
<params ls="complete" mean="1E-10" stddev="1E-10"/>
</fragilityFunction>
<fragilityFunction format="continuous" id="CR/LFINF+CDN+LFC:0.0/H:6/DS0" shape="logncdf">
<imls imt="AvgSA" maxIML="5" minIML="1e-15" noDamageLimit="1e-15"/>
<params ls="slight" mean="0.2742" stddev="0.1236"/>
<params ls="moderate" mean="0.4132" stddev="0.2054"/>
<params ls="extensive" mean="0.5162" stddev="0.2627"/>
<params ls="complete" mean="0.5336" stddev="0.2590"/>
</fragilityFunction>
<fragilityFunction format="continuous" id="CR/LFINF+CDN+LFC:0.0/H:6/DS1" shape="logncdf">
<imls imt="AvgSA" maxIML="5" minIML="1e-15" noDamageLimit="1e-15"/>
<params ls="slight" mean="1E-10" stddev="1E-10"/>
<params ls="moderate" mean="0.2142" stddev="0.1382"/>
<params ls="extensive" mean="0.3721" stddev="0.1938"/>
<params ls="complete" mean="0.4669" stddev="0.2266"/>
</fragilityFunction>
<fragilityFunction format="continuous" id="CR/LFINF+CDN+LFC:0.0/H:6/DS2" shape="logncdf">
<imls imt="AvgSA" maxIML="5" minIML="1e-15" noDamageLimit="1e-15"/>
<params ls="slight" mean="1E-10" stddev="1E-10"/>
<params ls="moderate" mean="1E-10" stddev="1E-10"/>
<params ls="extensive" mean="0.1865" stddev="0.1378"/>
<params ls="complete" mean="0.2873" stddev="0.1891"/>
</fragilityFunction>
<fragilityFunction format="continuous" id="CR/LFINF+CDN+LFC:0.0/H:6/DS3" shape="logncdf">
<imls imt="AvgSA" maxIML="5" minIML="1e-15" noDamageLimit="1e-15"/>
<params ls="slight" mean="1E-10" stddev="1E-10"/>
<params ls="moderate" mean="1E-10" stddev="1E-10"/>
<params ls="extensive" mean="1E-10" stddev="1E-10"/>
<params ls="complete" mean="0.1602" stddev="0.1416"/>
</fragilityFunction>
<fragilityFunction format="continuous" id="CR/LFINF+CDN+LFC:0.0/H:6/DS4" shape="logncdf">
<imls imt="AvgSA" maxIML="5" minIML="1e-15" noDamageLimit="1e-15"/>
<params ls="slight" mean="1E-10" stddev="1E-10"/>
<params ls="moderate" mean="1E-10" stddev="1E-10"/>
<params ls="extensive" mean="1E-10" stddev="1E-10"/>
<params ls="complete" mean="1E-10" stddev="1E-10"/>
</fragilityFunction>
<fragilityFunction format="continuous" id="CR/LFINF+CDL+LFC:5.0/H:4/DS0" shape="logncdf">
<imls imt="AvgSA" maxIML="5" minIML="1e-15" noDamageLimit="1e-15"/>
<params ls="slight" mean="0.1907" stddev="0.0668"/>
<params ls="moderate" mean="0.3094" stddev="0.1151"/>
<params ls="extensive" mean="0.3884" stddev="0.1574"/>
<params ls="complete" mean="0.4278" stddev="0.1928"/>
</fragilityFunction>
<fragilityFunction format="continuous" id="CR/LFINF+CDL+LFC:5.0/H:4/DS1" shape="logncdf">
<imls imt="AvgSA" maxIML="5" minIML="1e-15" noDamageLimit="1e-15"/>
<params ls="slight" mean="1E-10" stddev="1E-10"/>
<params ls="moderate" mean="0.2093" stddev="0.0967"/>
<params ls="extensive" mean="0.3358" stddev="0.1399"/>
<params ls="complete" mean="0.4168" stddev="0.1878"/>
</fragilityFunction>
<fragilityFunction format="continuous" id="CR/LFINF+CDL+LFC:5.0/H:4/DS2" shape="logncdf">
<imls imt="AvgSA" maxIML="5" minIML="1e-15" noDamageLimit="1e-15"/>
<params ls="slight" mean="1E-10" stddev="1E-10"/>
<params ls="moderate" mean="1E-10" stddev="1E-10"/>
<params ls="extensive" mean="0.1595" stddev="0.1135"/>
<params ls="complete" mean="0.2661" stddev="0.1548"/>
</fragilityFunction>
<fragilityFunction format="continuous" id="CR/LFINF+CDL+LFC:5.0/H:4/DS3" shape="logncdf">
<imls imt="AvgSA" maxIML="5" minIML="1e-15" noDamageLimit="1e-15"/>
<params ls="slight" mean="1E-10" stddev="1E-10"/>
<params ls="moderate" mean="1E-10" stddev="1E-10"/>
<params ls="extensive" mean="1E-10" stddev="1E-10"/>
<params ls="complete" mean="0.1252" stddev="0.0942"/>
</fragilityFunction>
<fragilityFunction format="continuous" id="CR/LFINF+CDL+LFC:5.0/H:4/DS4" shape="logncdf">
<imls imt="AvgSA" maxIML="5" minIML="1e-15" noDamageLimit="1e-15"/>
<params ls="slight" mean="1E-10" stddev="1E-10"/>
<params ls="moderate" mean="1E-10" stddev="1E-10"/>
<params ls="extensive" mean="1E-10" stddev="1E-10"/>
<params ls="complete" mean="1E-10" stddev="1E-10"/>
</fragilityFunction>
<fragilityFunction format="continuous" id="CR/LFINF+CDN+LFC:0.0/H:1/DS0" shape="logncdf">
<imls imt="AvgSA" maxIML="5" minIML="1e-15" noDamageLimit="1e-15"/>
<params ls="slight" mean="0.3602" stddev="0.0877"/>
<params ls="moderate" mean="0.6261" stddev="0.0881"/>
<params ls="extensive" mean="0.7787" stddev="0.1175"/>
<params ls="complete" mean="0.8996" stddev="0.1910"/>
</fragilityFunction>
<fragilityFunction format="continuous" id="CR/LFINF+CDN+LFC:0.0/H:1/DS1" shape="logncdf">
<imls imt="AvgSA" maxIML="5" minIML="1e-15" noDamageLimit="1e-15"/>
<params ls="slight" mean="1E-10" stddev="1E-10"/>
<params ls="moderate" mean="0.5590" stddev="0.1014"/>
<params ls="extensive" mean="0.7345" stddev="0.1484"/>
<params ls="complete" mean="0.8770" stddev="0.2227"/>
</fragilityFunction>
<fragilityFunction format="continuous" id="CR/LFINF+CDN+LFC:0.0/H:1/DS2" shape="logncdf">
<imls imt="AvgSA" maxIML="5" minIML="1e-15" noDamageLimit="1e-15"/>
<params ls="slight" mean="1E-10" stddev="1E-10"/>
<params ls="moderate" mean="1E-10" stddev="1E-10"/>
<params ls="extensive" mean="0.3098" stddev="0.1468"/>
<params ls="complete" mean="0.6060" stddev="0.2188"/>
</fragilityFunction>
<fragilityFunction format="continuous" id="CR/LFINF+CDN+LFC:0.0/H:1/DS3" shape="logncdf">
<imls imt="AvgSA" maxIML="5" minIML="1e-15" noDamageLimit="1e-15"/>
<params ls="slight" mean="1E-10" stddev="1E-10"/>
<params ls="moderate" mean="1E-10" stddev="1E-10"/>
<params ls="extensive" mean="1E-10" stddev="1E-10"/>
<params ls="complete" mean="0.2683" stddev="0.1873"/>
</fragilityFunction>
<fragilityFunction format="continuous" id="CR/LFINF+CDN+LFC:0.0/H:1/DS4" shape="logncdf">
<imls imt="AvgSA" maxIML="5" minIML="1e-15" noDamageLimit="1e-15"/>
<params ls="slight" mean="1E-10" stddev="1E-10"/>
<params ls="moderate" mean="1E-10" stddev="1E-10"/>
<params ls="extensive" mean="1E-10" stddev="1E-10"/>
<params ls="complete" mean="1E-10" stddev="1E-10"/>
</fragilityFunction>
<fragilityFunction format="continuous" id="CR/LFINF+CDN+LFC:0.0/H:4/DS0" shape="logncdf">
<imls imt="AvgSA" maxIML="5" minIML="1e-15" noDamageLimit="1e-15"/>
<params ls="slight" mean="0.2233" stddev="0.0806"/>
<params ls="moderate" mean="0.3547" stddev="0.1398"/>
<params ls="extensive" mean="0.4627" stddev="0.2138"/>
<params ls="complete" mean="0.4979" stddev="0.2359"/>
</fragilityFunction>
<fragilityFunction format="continuous" id="CR/LFINF+CDN+LFC:0.0/H:4/DS1" shape="logncdf">
<imls imt="AvgSA" maxIML="5" minIML="1e-15" noDamageLimit="1e-15"/>
<params ls="slight" mean="1E-10" stddev="1E-10"/>
<params ls="moderate" mean="0.1936" stddev="0.1055"/>
<params ls="extensive" mean="0.3510" stddev="0.1582"/>
<params ls="complete" mean="0.4517" stddev="0.2088"/>
</fragilityFunction>
<fragilityFunction format="continuous" id="CR/LFINF+CDN+LFC:0.0/H:4/DS2" shape="logncdf">
<imls imt="AvgSA" maxIML="5" minIML="1e-15" noDamageLimit="1e-15"/>
<params ls="slight" mean="1E-10" stddev="1E-10"/>
<params ls="moderate" mean="1E-10" stddev="1E-10"/>
<params ls="extensive" mean="0.1697" stddev="0.1162"/>
<params ls="complete" mean="0.2661" stddev="0.1548"/>
</fragilityFunction>
<fragilityFunction format="continuous" id="CR/LFINF+CDN+LFC:0.0/H:4/DS3" shape="logncdf">
<imls imt="AvgSA" maxIML="5" minIML="1e-15" noDamageLimit="1e-15"/>
<params ls="slight" mean="1E-10" stddev="1E-10"/>
<params ls="moderate" mean="1E-10" stddev="1E-10"/>
<params ls="extensive" mean="1E-10" stddev="1E-10"/>
<params ls="complete" mean="0.1446" stddev="0.1235"/>
</fragilityFunction>
<fragilityFunction format="continuous" id="CR/LFINF+CDN+LFC:0.0/H:4/DS4" shape="logncdf">
<imls imt="AvgSA" maxIML="5" minIML="1e-15" noDamageLimit="1e-15"/>
<params ls="slight" mean="1E-10" stddev="1E-10"/>
<params ls="moderate" mean="1E-10" stddev="1E-10"/>
<params ls="extensive" mean="1E-10" stddev="1E-10"/>
<params ls="complete" mean="1E-10" stddev="1E-10"/>
</fragilityFunction>
<fragilityFunction format="continuous" id="MUR+STRUB/LWAL+CDN/H:5/DS0" shape="logncdf">
<imls imt="AvgSA" maxIML="5" minIML="1e-15" noDamageLimit="1e-15"/>
<params ls="slight" mean="0.0650" stddev="0.0271"/>
<params ls="moderate" mean="0.1223" stddev="0.0594"/>
<params ls="extensive" mean="0.1908" stddev="0.0971"/>
<params ls="complete" mean="0.2345" stddev="0.1166"/>
</fragilityFunction>
<fragilityFunction format="continuous" id="MUR+STRUB/LWAL+CDN/H:5/DS1" shape="logncdf">
<imls imt="AvgSA" maxIML="5" minIML="1e-15" noDamageLimit="1e-15"/>
<params ls="slight" mean="1E-10" stddev="1E-10"/>
<params ls="moderate" mean="0.0823" stddev="0.0428"/>
<params ls="extensive" mean="0.1534" stddev="0.0772"/>
<params ls="complete" mean="0.2083" stddev="0.1050"/>
</fragilityFunction>
<fragilityFunction format="continuous" id="MUR+STRUB/LWAL+CDN/H:5/DS2" shape="logncdf">
<imls imt="AvgSA" maxIML="5" minIML="1e-15" noDamageLimit="1e-15"/>
<params ls="slight" mean="1E-10" stddev="1E-10"/>
<params ls="moderate" mean="1E-10" stddev="1E-10"/>
<params ls="extensive" mean="0.0639" stddev="0.0405"/>
<params ls="complete" mean="0.1228" stddev="0.0717"/>
</fragilityFunction>
<fragilityFunction format="continuous" id="MUR+STRUB/LWAL+CDN/H:5/DS3" shape="logncdf">
<imls imt="AvgSA" maxIML="5" minIML="1e-15" noDamageLimit="1e-15"/>
<params ls="slight" mean="1E-10" stddev="1E-10"/>
<params ls="moderate" mean="1E-10" stddev="1E-10"/>
<params ls="extensive" mean="1E-10" stddev="1E-10"/>
<params ls="complete" mean="0.0710" stddev="0.0633"/>
</fragilityFunction>
<fragilityFunction format="continuous" id="MUR+STRUB/LWAL+CDN/H:5/DS4" shape="logncdf">
<imls imt="AvgSA" maxIML="5" minIML="1e-15" noDamageLimit="1e-15"/>
<params ls="slight" mean="1E-10" stddev="1E-10"/>
<params ls="moderate" mean="1E-10" stddev="1E-10"/>
<params ls="extensive" mean="1E-10" stddev="1E-10"/>
<params ls="complete" mean="1E-10" stddev="1E-10"/>
</fragilityFunction>
<fragilityFunction format="continuous" id="Grenoble_city_hall/DS0" shape="logncdf">
<imls imt="AvgSA" maxIML="5" minIML="1e-15" noDamageLimit="1e-15"/>
<params ls="slight" mean="0.1841" stddev="0.1049"/>
<params ls="moderate" mean="0.4258" stddev="0.2425"/>
<params ls="extensive" mean="0.6675" stddev="0.3801"/>
<params ls="complete" mean="0.8861" stddev="0.5046"/>
</fragilityFunction>
<fragilityFunction format="continuous" id="Grenoble_city_hall/DS1" shape="logncdf">
<imls imt="AvgSA" maxIML="5" minIML="1e-15" noDamageLimit="1e-15"/>
<params ls="slight" mean="1E-10" stddev="1E-10"/>
<params ls="moderate" mean="0.1959" stddev="0.1919"/>
<params ls="extensive" mean="0.3079" stddev="0.3015"/>
<params ls="complete" mean="0.3919" stddev="0.3838"/>
</fragilityFunction>
<fragilityFunction format="continuous" id="Grenoble_city_hall/DS2" shape="logncdf">
<imls imt="AvgSA" maxIML="5" minIML="1e-15" noDamageLimit="1e-15"/>
<params ls="slight" mean="1E-10" stddev="1E-10"/>
<params ls="moderate" mean="1E-10" stddev="1E-10"/>
<params ls="extensive" mean="0.2869" stddev="0.2671"/>
<params ls="complete" mean="0.3825" stddev="0.3561"/>
</fragilityFunction>
<fragilityFunction format="continuous" id="Grenoble_city_hall/DS3" shape="logncdf">
<imls imt="AvgSA" maxIML="5" minIML="1e-15" noDamageLimit="1e-15"/>
<params ls="slight" mean="1E-10" stddev="1E-10"/>
<params ls="moderate" mean="1E-10" stddev="1E-10"/>
<params ls="extensive" mean="1E-10" stddev="1E-10"/>
<params ls="complete" mean="0.3066" stddev="0.3262"/>
</fragilityFunction>
<fragilityFunction format="continuous" id="Grenoble_city_hall/DS4" shape="logncdf">
<imls imt="AvgSA" maxIML="5" minIML="1e-15" noDamageLimit="1e-15"/>
<params ls="slight" mean="1E-10" stddev="1E-10"/>
<params ls="moderate" mean="1E-10" stddev="1E-10"/>
<params ls="extensive" mean="1E-10" stddev="1E-10"/>
<params ls="complete" mean="1E-10" stddev="1E-10"/>
</fragilityFunction>
<fragilityFunction format="continuous" id="MUR+STDRE/LWAL+CDN/H:4/DS0" shape="logncdf">
<imls imt="AvgSA" maxIML="5" minIML="1e-15" noDamageLimit="1e-15"/>
<params ls="slight" mean="0.0640" stddev="0.0238"/>
<params ls="moderate" mean="0.1300" stddev="0.0541"/>
<params ls="extensive" mean="0.1873" stddev="0.0866"/>
<params ls="complete" mean="0.2345" stddev="0.1166"/>
</fragilityFunction>
<fragilityFunction format="continuous" id="MUR+STDRE/LWAL+CDN/H:4/DS1" shape="logncdf">
<imls imt="AvgSA" maxIML="5" minIML="1e-15" noDamageLimit="1e-15"/>
<params ls="slight" mean="1E-10" stddev="1E-10"/>
<params ls="moderate" mean="0.0827" stddev="0.0385"/>
<params ls="extensive" mean="0.1516" stddev="0.0690"/>
<params ls="complete" mean="0.2034" stddev="0.0959"/>
</fragilityFunction>
<fragilityFunction format="continuous" id="MUR+STDRE/LWAL+CDN/H:4/DS2" shape="logncdf">
<imls imt="AvgSA" maxIML="5" minIML="1e-15" noDamageLimit="1e-15"/>
<params ls="slight" mean="1E-10" stddev="1E-10"/>
<params ls="moderate" mean="1E-10" stddev="1E-10"/>
<params ls="extensive" mean="0.0607" stddev="0.0365"/>
<params ls="complete" mean="0.1120" stddev="0.0620"/>
</fragilityFunction>
<fragilityFunction format="continuous" id="MUR+STDRE/LWAL+CDN/H:4/DS3" shape="logncdf">
<imls imt="AvgSA" maxIML="5" minIML="1e-15" noDamageLimit="1e-15"/>
<params ls="slight" mean="1E-10" stddev="1E-10"/>
<params ls="moderate" mean="1E-10" stddev="1E-10"/>
<params ls="extensive" mean="1E-10" stddev="1E-10"/>
<params ls="complete" mean="0.0630" stddev="0.0457"/>
</fragilityFunction>
<fragilityFunction format="continuous" id="MUR+STDRE/LWAL+CDN/H:4/DS4" shape="logncdf">
<imls imt="AvgSA" maxIML="5" minIML="1e-15" noDamageLimit="1e-15"/>
<params ls="slight" mean="1E-10" stddev="1E-10"/>
<params ls="moderate" mean="1E-10" stddev="1E-10"/>
<params ls="extensive" mean="1E-10" stddev="1E-10"/>
<params ls="complete" mean="1E-10" stddev="1E-10"/>
</fragilityFunction>
<fragilityFunction format="continuous" id="CR/LFINF+CDL+LFC:5.0/H:2/DS0" shape="logncdf">
<imls imt="AvgSA" maxIML="5" minIML="1e-15" noDamageLimit="1e-15"/>
<params ls="slight" mean="0.1840" stddev="0.0391"/>
<params ls="moderate" mean="0.3602" stddev="0.0877"/>
<params ls="extensive" mean="0.4680" stddev="0.1336"/>
<params ls="complete" mean="0.5351" stddev="0.1699"/>
</fragilityFunction>
<fragilityFunction format="continuous" id="CR/LFINF+CDL+LFC:5.0/H:2/DS1" shape="logncdf">
<imls imt="AvgSA" maxIML="5" minIML="1e-15" noDamageLimit="1e-15"/>
<params ls="slight" mean="1E-10" stddev="1E-10"/>
<params ls="moderate" mean="0.3111" stddev="0.0856"/>
<params ls="extensive" mean="0.4380" stddev="0.1297"/>
<params ls="complete" mean="0.5052" stddev="0.1659"/>
</fragilityFunction>
<fragilityFunction format="continuous" id="CR/LFINF+CDL+LFC:5.0/H:2/DS2" shape="logncdf">
<imls imt="AvgSA" maxIML="5" minIML="1e-15" noDamageLimit="1e-15"/>
<params ls="slight" mean="1E-10" stddev="1E-10"/>
<params ls="moderate" mean="1E-10" stddev="1E-10"/>
<params ls="extensive" mean="0.1755" stddev="0.1065"/>
<params ls="complete" mean="0.3386" stddev="0.1487"/>
</fragilityFunction>
<fragilityFunction format="continuous" id="CR/LFINF+CDL+LFC:5.0/H:2/DS3" shape="logncdf">
<imls imt="AvgSA" maxIML="5" minIML="1e-15" noDamageLimit="1e-15"/>
<params ls="slight" mean="1E-10" stddev="1E-10"/>
<params ls="moderate" mean="1E-10" stddev="1E-10"/>
<params ls="extensive" mean="1E-10" stddev="1E-10"/>
<params ls="complete" mean="0.1473" stddev="0.1048"/>
</fragilityFunction>
<fragilityFunction format="continuous" id="CR/LFINF+CDL+LFC:5.0/H:2/DS4" shape="logncdf">
<imls imt="AvgSA" maxIML="5" minIML="1e-15" noDamageLimit="1e-15"/>
<params ls="slight" mean="1E-10" stddev="1E-10"/>
<params ls="moderate" mean="1E-10" stddev="1E-10"/>
<params ls="extensive" mean="1E-10" stddev="1E-10"/>
<params ls="complete" mean="1E-10" stddev="1E-10"/>
</fragilityFunction>
<fragilityFunction format="continuous" id="CR/LFINF+CDN+LFC:0.0/H:5/DS0" shape="logncdf">
<imls imt="AvgSA" maxIML="5" minIML="1e-15" noDamageLimit="1e-15"/>
<params ls="slight" mean="0.2356" stddev="0.0902"/>
<params ls="moderate" mean="0.3891" stddev="0.1889"/>
<params ls="extensive" mean="0.4780" stddev="0.2320"/>
<params ls="complete" mean="0.5225" stddev="0.2536"/>
</fragilityFunction>
<fragilityFunction format="continuous" id="CR/LFINF+CDN+LFC:0.0/H:5/DS1" shape="logncdf">
<imls imt="AvgSA" maxIML="5" minIML="1e-15" noDamageLimit="1e-15"/>
<params ls="slight" mean="1E-10" stddev="1E-10"/>
<params ls="moderate" mean="0.2130" stddev="0.1347"/>
<params ls="extensive" mean="0.3685" stddev="0.1832"/>
<params ls="complete" mean="0.4648" stddev="0.2202"/>
</fragilityFunction>
<fragilityFunction format="continuous" id="CR/LFINF+CDN+LFC:0.0/H:5/DS2" shape="logncdf">
<imls imt="AvgSA" maxIML="5" minIML="1e-15" noDamageLimit="1e-15"/>
<params ls="slight" mean="1E-10" stddev="1E-10"/>
<params ls="moderate" mean="1E-10" stddev="1E-10"/>
<params ls="extensive" mean="0.1707" stddev="0.1192"/>
<params ls="complete" mean="0.2823" stddev="0.1749"/>
</fragilityFunction>
<fragilityFunction format="continuous" id="CR/LFINF+CDN+LFC:0.0/H:5/DS3" shape="logncdf">
<imls imt="AvgSA" maxIML="5" minIML="1e-15" noDamageLimit="1e-15"/>
<params ls="slight" mean="1E-10" stddev="1E-10"/>
<params ls="moderate" mean="1E-10" stddev="1E-10"/>
<params ls="extensive" mean="1E-10" stddev="1E-10"/>
<params ls="complete" mean="0.1649" stddev="0.1288"/>
</fragilityFunction>
<fragilityFunction format="continuous" id="CR/LFINF+CDN+LFC:0.0/H:5/DS4" shape="logncdf">
<imls imt="AvgSA" maxIML="5" minIML="1e-15" noDamageLimit="1e-15"/>
<params ls="slight" mean="1E-10" stddev="1E-10"/>
<params ls="moderate" mean="1E-10" stddev="1E-10"/>
<params ls="extensive" mean="1E-10" stddev="1E-10"/>
<params ls="complete" mean="1E-10" stddev="1E-10"/>
</fragilityFunction>
<fragilityFunction format="continuous" id="MUR+STRUB/LWAL+CDN/H:2/DS0" shape="logncdf">
<imls imt="AvgSA" maxIML="5" minIML="1e-15" noDamageLimit="1e-15"/>
<params ls="slight" mean="0.0613" stddev="0.0130"/>
<params ls="moderate" mean="0.1032" stddev="0.0262"/>
<params ls="extensive" mean="0.1352" stddev="0.0386"/>
<params ls="complete" mean="0.1674" stddev="0.0514"/>
</fragilityFunction>
<fragilityFunction format="continuous" id="MUR+STRUB/LWAL+CDN/H:2/DS1" shape="logncdf">
<imls imt="AvgSA" maxIML="5" minIML="1e-15" noDamageLimit="1e-15"/>
<params ls="slight" mean="1E-10" stddev="1E-10"/>
<params ls="moderate" mean="0.0559" stddev="0.0221"/>
<params ls="extensive" mean="0.1100" stddev="0.0343"/>
<params ls="complete" mean="0.1434" stddev="0.0443"/>
</fragilityFunction>
<fragilityFunction format="continuous" id="MUR+STRUB/LWAL+CDN/H:2/DS2" shape="logncdf">
<imls imt="AvgSA" maxIML="5" minIML="1e-15" noDamageLimit="1e-15"/>
<params ls="slight" mean="1E-10" stddev="1E-10"/>
<params ls="moderate" mean="1E-10" stddev="1E-10"/>
<params ls="extensive" mean="0.0397" stddev="0.0183"/>
<params ls="complete" mean="0.0766" stddev="0.0340"/>
</fragilityFunction>
<fragilityFunction format="continuous" id="MUR+STRUB/LWAL+CDN/H:2/DS3" shape="logncdf">
<imls imt="AvgSA" maxIML="5" minIML="1e-15" noDamageLimit="1e-15"/>
<params ls="slight" mean="1E-10" stddev="1E-10"/>
<params ls="moderate" mean="1E-10" stddev="1E-10"/>
<params ls="extensive" mean="1E-10" stddev="1E-10"/>
<params ls="complete" mean="0.0360" stddev="0.0211"/>
</fragilityFunction>
<fragilityFunction format="continuous" id="MUR+STRUB/LWAL+CDN/H:2/DS4" shape="logncdf">
<imls imt="AvgSA" maxIML="5" minIML="1e-15" noDamageLimit="1e-15"/>
<params ls="slight" mean="1E-10" stddev="1E-10"/>
<params ls="moderate" mean="1E-10" stddev="1E-10"/>
<params ls="extensive" mean="1E-10" stddev="1E-10"/>
<params ls="complete" mean="1E-10" stddev="1E-10"/>
</fragilityFunction>
<fragilityFunction format="continuous" id="CR/LFINF+CDN+LFC:0.0/H:2/DS0" shape="logncdf">
<imls imt="AvgSA" maxIML="5" minIML="1e-15" noDamageLimit="1e-15"/>
<params ls="slight" mean="0.1840" stddev="0.0391"/>
<params ls="moderate" mean="0.3602" stddev="0.0877"/>
<params ls="extensive" mean="0.4784" stddev="0.1366"/>
<params ls="complete" mean="0.5351" stddev="0.1699"/>
</fragilityFunction>
<fragilityFunction format="continuous" id="CR/LFINF+CDN+LFC:0.0/H:2/DS1" shape="logncdf">
<imls imt="AvgSA" maxIML="5" minIML="1e-15" noDamageLimit="1e-15"/>
<params ls="slight" mean="1E-10" stddev="1E-10"/>
<params ls="moderate" mean="0.3120" stddev="0.0891"/>
<params ls="extensive" mean="0.4380" stddev="0.1297"/>
<params ls="complete" mean="0.5157" stddev="0.1694"/>
</fragilityFunction>
<fragilityFunction format="continuous" id="CR/LFINF+CDN+LFC:0.0/H:2/DS2" shape="logncdf">
<imls imt="AvgSA" maxIML="5" minIML="1e-15" noDamageLimit="1e-15"/>
<params ls="slight" mean="1E-10" stddev="1E-10"/>
<params ls="moderate" mean="1E-10" stddev="1E-10"/>
<params ls="extensive" mean="0.1804" stddev="0.0940"/>
<params ls="complete" mean="0.3589" stddev="0.1536"/>
</fragilityFunction>
<fragilityFunction format="continuous" id="CR/LFINF+CDN+LFC:0.0/H:2/DS3" shape="logncdf">
<imls imt="AvgSA" maxIML="5" minIML="1e-15" noDamageLimit="1e-15"/>
<params ls="slight" mean="1E-10" stddev="1E-10"/>
<params ls="moderate" mean="1E-10" stddev="1E-10"/>
<params ls="extensive" mean="1E-10" stddev="1E-10"/>
<params ls="complete" mean="0.1726" stddev="0.0983"/>
</fragilityFunction>
<fragilityFunction format="continuous" id="CR/LFINF+CDN+LFC:0.0/H:2/DS4" shape="logncdf">
<imls imt="AvgSA" maxIML="5" minIML="1e-15" noDamageLimit="1e-15"/>
<params ls="slight" mean="1E-10" stddev="1E-10"/>
<params ls="moderate" mean="1E-10" stddev="1E-10"/>
<params ls="extensive" mean="1E-10" stddev="1E-10"/>
<params ls="complete" mean="1E-10" stddev="1E-10"/>
</fragilityFunction>
<fragilityFunction format="continuous" id="CR/LFINF+CDL+LFC:5.0/H:1/DS0" shape="logncdf">
<imls imt="AvgSA" maxIML="5" minIML="1e-15" noDamageLimit="1e-15"/>
<params ls="slight" mean="0.3902" stddev="0.0909"/>
<params ls="moderate" mean="0.6446" stddev="0.0776"/>
<params ls="extensive" mean="0.7646" stddev="0.0844"/>
<params ls="complete" mean="0.9131" stddev="0.1564"/>
</fragilityFunction>
<fragilityFunction format="continuous" id="CR/LFINF+CDL+LFC:5.0/H:1/DS1" shape="logncdf">
<imls imt="AvgSA" maxIML="5" minIML="1e-15" noDamageLimit="1e-15"/>
<params ls="slight" mean="1E-10" stddev="1E-10"/>
<params ls="moderate" mean="0.5793" stddev="0.1051"/>
<params ls="extensive" mean="0.7180" stddev="0.1083"/>
<params ls="complete" mean="0.8708" stddev="0.1939"/>
</fragilityFunction>
<fragilityFunction format="continuous" id="CR/LFINF+CDL+LFC:5.0/H:1/DS2" shape="logncdf">
<imls imt="AvgSA" maxIML="5" minIML="1e-15" noDamageLimit="1e-15"/>
<params ls="slight" mean="1E-10" stddev="1E-10"/>
<params ls="moderate" mean="1E-10" stddev="1E-10"/>
<params ls="extensive" mean="0.2890" stddev="0.1403"/>
<params ls="complete" mean="0.5783" stddev="0.2215"/>
</fragilityFunction>
<fragilityFunction format="continuous" id="CR/LFINF+CDL+LFC:5.0/H:1/DS3" shape="logncdf">
<imls imt="AvgSA" maxIML="5" minIML="1e-15" noDamageLimit="1e-15"/>
<params ls="slight" mean="1E-10" stddev="1E-10"/>
<params ls="moderate" mean="1E-10" stddev="1E-10"/>
<params ls="extensive" mean="1E-10" stddev="1E-10"/>
<params ls="complete" mean="0.2430" stddev="0.1414"/>
</fragilityFunction>
<fragilityFunction format="continuous" id="CR/LFINF+CDL+LFC:5.0/H:1/DS4" shape="logncdf">
<imls imt="AvgSA" maxIML="5" minIML="1e-15" noDamageLimit="1e-15"/>
<params ls="slight" mean="1E-10" stddev="1E-10"/>
<params ls="moderate" mean="1E-10" stddev="1E-10"/>
<params ls="extensive" mean="1E-10" stddev="1E-10"/>
<params ls="complete" mean="1E-10" stddev="1E-10"/>
</fragilityFunction>
<fragilityFunction format="continuous" id="CR/LFINF+CDL+LFC:10.0/H:3/DS0" shape="logncdf">
<imls imt="AvgSA" maxIML="5" minIML="1e-15" noDamageLimit="1e-15"/>
<params ls="slight" mean="0.1976" stddev="0.0564"/>
<params ls="moderate" mean="0.3766" stddev="0.1156"/>
<params ls="extensive" mean="0.4874" stddev="0.1706"/>
<params ls="complete" mean="0.5568" stddev="0.2133"/>
</fragilityFunction>
<fragilityFunction format="continuous" id="CR/LFINF+CDL+LFC:10.0/H:3/DS1" shape="logncdf">
<imls imt="AvgSA" maxIML="5" minIML="1e-15" noDamageLimit="1e-15"/>
<params ls="slight" mean="1E-10" stddev="1E-10"/>
<params ls="moderate" mean="0.2977" stddev="0.1075"/>
<params ls="extensive" mean="0.4465" stddev="0.1612"/>
<params ls="complete" mean="0.5395" stddev="0.2187"/>
</fragilityFunction>
<fragilityFunction format="continuous" id="CR/LFINF+CDL+LFC:10.0/H:3/DS2" shape="logncdf">
<imls imt="AvgSA" maxIML="5" minIML="1e-15" noDamageLimit="1e-15"/>
<params ls="slight" mean="1E-10" stddev="1E-10"/>
<params ls="moderate" mean="1E-10" stddev="1E-10"/>
<params ls="extensive" mean="0.1926" stddev="0.1027"/>
<params ls="complete" mean="0.3652" stddev="0.1730"/>
</fragilityFunction>
<fragilityFunction format="continuous" id="CR/LFINF+CDL+LFC:10.0/H:3/DS3" shape="logncdf">
<imls imt="AvgSA" maxIML="5" minIML="1e-15" noDamageLimit="1e-15"/>
<params ls="slight" mean="1E-10" stddev="1E-10"/>
<params ls="moderate" mean="1E-10" stddev="1E-10"/>
<params ls="extensive" mean="1E-10" stddev="1E-10"/>
<params ls="complete" mean="0.1697" stddev="0.1162"/>
</fragilityFunction>
<fragilityFunction format="continuous" id="CR/LFINF+CDL+LFC:10.0/H:3/DS4" shape="logncdf">
<imls imt="AvgSA" maxIML="5" minIML="1e-15" noDamageLimit="1e-15"/>
<params ls="slight" mean="1E-10" stddev="1E-10"/>
<params ls="moderate" mean="1E-10" stddev="1E-10"/>
<params ls="extensive" mean="1E-10" stddev="1E-10"/>
<params ls="complete" mean="1E-10" stddev="1E-10"/>
</fragilityFunction>
<fragilityFunction format="continuous" id="CR/LFINF+CDL+LFC:10.0/H:2/DS0" shape="logncdf">
<imls imt="AvgSA" maxIML="5" minIML="1e-15" noDamageLimit="1e-15"/>
<params ls="slight" mean="0.1947" stddev="0.0433"/>
<params ls="moderate" mean="0.3714" stddev="0.0943"/>
<params ls="extensive" mean="0.4888" stddev="0.1396"/>
<params ls="complete" mean="0.5456" stddev="0.1733"/>
</fragilityFunction>
<fragilityFunction format="continuous" id="CR/LFINF+CDL+LFC:10.0/H:2/DS1" shape="logncdf">
<imls imt="AvgSA" maxIML="5" minIML="1e-15" noDamageLimit="1e-15"/>
<params ls="slight" mean="1E-10" stddev="1E-10"/>
<params ls="moderate" mean="0.3111" stddev="0.0856"/>
<params ls="extensive" mean="0.4485" stddev="0.1328"/>
<params ls="complete" mean="0.5263" stddev="0.1728"/>
</fragilityFunction>
<fragilityFunction format="continuous" id="CR/LFINF+CDL+LFC:10.0/H:2/DS2" shape="logncdf">
<imls imt="AvgSA" maxIML="5" minIML="1e-15" noDamageLimit="1e-15"/>
<params ls="slight" mean="1E-10" stddev="1E-10"/>
<params ls="moderate" mean="1E-10" stddev="1E-10"/>
<params ls="extensive" mean="0.2035" stddev="0.1340"/>
<params ls="complete" mean="0.3635" stddev="0.1680"/>
</fragilityFunction>
<fragilityFunction format="continuous" id="CR/LFINF+CDL+LFC:10.0/H:2/DS3" shape="logncdf">
<imls imt="AvgSA" maxIML="5" minIML="1e-15" noDamageLimit="1e-15"/>
<params ls="slight" mean="1E-10" stddev="1E-10"/>
<params ls="moderate" mean="1E-10" stddev="1E-10"/>
<params ls="extensive" mean="1E-10" stddev="1E-10"/>
<params ls="complete" mean="0.1638" stddev="0.0994"/>
</fragilityFunction>
<fragilityFunction format="continuous" id="CR/LFINF+CDL+LFC:10.0/H:2/DS4" shape="logncdf">
<imls imt="AvgSA" maxIML="5" minIML="1e-15" noDamageLimit="1e-15"/>
<params ls="slight" mean="1E-10" stddev="1E-10"/>
<params ls="moderate" mean="1E-10" stddev="1E-10"/>
<params ls="extensive" mean="1E-10" stddev="1E-10"/>
<params ls="complete" mean="1E-10" stddev="1E-10"/>
</fragilityFunction>
<fragilityFunction format="continuous" id="MUR+STDRE/LWAL+CDN/H:5/DS0" shape="logncdf">
<imls imt="AvgSA" maxIML="5" minIML="1e-15" noDamageLimit="1e-15"/>
<params ls="slight" mean="0.0653" stddev="0.0279"/>
<params ls="moderate" mean="0.1334" stddev="0.0648"/>
<params ls="extensive" mean="0.2010" stddev="0.0999"/>
<params ls="complete" mean="0.2457" stddev="0.1222"/>
</fragilityFunction>
<fragilityFunction format="continuous" id="MUR+STDRE/LWAL+CDN/H:5/DS1" shape="logncdf">
<imls imt="AvgSA" maxIML="5" minIML="1e-15" noDamageLimit="1e-15"/>
<params ls="slight" mean="1E-10" stddev="1E-10"/>
<params ls="moderate" mean="0.0836" stddev="0.0440"/>
<params ls="extensive" mean="0.1581" stddev="0.0801"/>
<params ls="complete" mean="0.2184" stddev="0.1101"/>
</fragilityFunction>
<fragilityFunction format="continuous" id="MUR+STDRE/LWAL+CDN/H:5/DS2" shape="logncdf">
<imls imt="AvgSA" maxIML="5" minIML="1e-15" noDamageLimit="1e-15"/>
<params ls="slight" mean="1E-10" stddev="1E-10"/>
<params ls="moderate" mean="1E-10" stddev="1E-10"/>
<params ls="extensive" mean="0.0707" stddev="0.0494"/>
<params ls="complete" mean="0.1279" stddev="0.0786"/>
</fragilityFunction>
<fragilityFunction format="continuous" id="MUR+STDRE/LWAL+CDN/H:5/DS3" shape="logncdf">
<imls imt="AvgSA" maxIML="5" minIML="1e-15" noDamageLimit="1e-15"/>
<params ls="slight" mean="1E-10" stddev="1E-10"/>
<params ls="moderate" mean="1E-10" stddev="1E-10"/>
<params ls="extensive" mean="1E-10" stddev="1E-10"/>
<params ls="complete" mean="0.0762" stddev="0.0676"/>
</fragilityFunction>
<fragilityFunction format="continuous" id="MUR+STDRE/LWAL+CDN/H:5/DS4" shape="logncdf">
<imls imt="AvgSA" maxIML="5" minIML="1e-15" noDamageLimit="1e-15"/>
<params ls="slight" mean="1E-10" stddev="1E-10"/>
<params ls="moderate" mean="1E-10" stddev="1E-10"/>
<params ls="extensive" mean="1E-10" stddev="1E-10"/>
<params ls="complete" mean="1E-10" stddev="1E-10"/>
</fragilityFunction>
<fragilityFunction format="continuous" id="CR/LFINF+CDL+LFC:10.0/H:6/DS0" shape="logncdf">
<imls imt="AvgSA" maxIML="5" minIML="1e-15" noDamageLimit="1e-15"/>
<params ls="slight" mean="0.2042" stddev="0.0805"/>
<params ls="moderate" mean="0.3386" stddev="0.1487"/>
<params ls="extensive" mean="0.4205" stddev="0.1992"/>
<params ls="complete" mean="0.4648" stddev="0.2202"/>
</fragilityFunction>
<fragilityFunction format="continuous" id="CR/LFINF+CDL+LFC:10.0/H:6/DS1" shape="logncdf">
<imls imt="AvgSA" maxIML="5" minIML="1e-15" noDamageLimit="1e-15"/>
<params ls="slight" mean="1E-10" stddev="1E-10"/>
<params ls="moderate" mean="0.2557" stddev="0.1241"/>
<params ls="extensive" mean="0.3762" stddev="0.1782"/>
<params ls="complete" mean="0.4467" stddev="0.2221"/>
</fragilityFunction>
<fragilityFunction format="continuous" id="CR/LFINF+CDL+LFC:10.0/H:6/DS2" shape="logncdf">
<imls imt="AvgSA" maxIML="5" minIML="1e-15" noDamageLimit="1e-15"/>
<params ls="slight" mean="1E-10" stddev="1E-10"/>
<params ls="moderate" mean="1E-10" stddev="1E-10"/>
<params ls="extensive" mean="0.1818" stddev="0.1245"/>
<params ls="complete" mean="0.2892" stddev="0.1683"/>
</fragilityFunction>
<fragilityFunction format="continuous" id="CR/LFINF+CDL+LFC:10.0/H:6/DS3" shape="logncdf">
<imls imt="AvgSA" maxIML="5" minIML="1e-15" noDamageLimit="1e-15"/>
<params ls="slight" mean="1E-10" stddev="1E-10"/>
<params ls="moderate" mean="1E-10" stddev="1E-10"/>
<params ls="extensive" mean="1E-10" stddev="1E-10"/>
<params ls="complete" mean="0.1425" stddev="0.1175"/>
</fragilityFunction>
<fragilityFunction format="continuous" id="CR/LFINF+CDL+LFC:10.0/H:6/DS4" shape="logncdf">
<imls imt="AvgSA" maxIML="5" minIML="1e-15" noDamageLimit="1e-15"/>
<params ls="slight" mean="1E-10" stddev="1E-10"/>
<params ls="moderate" mean="1E-10" stddev="1E-10"/>
<params ls="extensive" mean="1E-10" stddev="1E-10"/>
<params ls="complete" mean="1E-10" stddev="1E-10"/>
</fragilityFunction>
</fragilityModel>
</nrml>
