id,lon,lat,taxonomy,number,structural,census,occupancy,building_id,original_asset_id,id_3,name_3,id_2,name_2,id_1,name_1
exp_1,13.285903930664062,42.63345355637081,MUR+STRUB/LWAL+CDN/H:1/DS0,8.6,1495409.859,24.50984,residential,tile_1,exp_1,12057002,Amatrice,38,Rieti,8,Lazio
exp_2,13.285903930664062,42.63345355637081,MUR+STRUB/LWAL+CDN/H:2/DS0,4.2,963819.2995,15.84688,residential,tile_1,exp_2,12057002,Amatrice,38,Rieti,8,Lazio
exp_3,13.287277221679688,42.63345355637081,MUR+STDRE/LWAL+CDN/H:4/DS0,4.1,3148508.369,55.96392,residential,tile_2,exp_3,12057002,Amatrice,38,Rieti,8,Lazio
exp_4,13.287277221679688,42.63345355637081,MUR+STDRE/LWAL+CDN/H:5/DS0,6.2,5951448.746,105.78546,residential,tile_2,exp_4,12057002,Amatrice,38,Rieti,8,Lazio
exp_5,13.287277221679688,42.63345355637081,MUR+STRUB/LWAL+CDN/H:3/DS0,11.2,3981068.236,67.6642,residential,tile_2,exp_5,12057002,Amatrice,38,Rieti,8,Lazio
exp_6,13.288650512695312,42.63345355637081,CR/LFINF+CDN+LFC:0.0/H:1/DS0,2.7,628511.6356,9.25242,residential,tile_3,exp_6,12057002,Amatrice,38,Rieti,8,Lazio
exp_7,13.288650512695312,42.63345355637081,CR/LFINF+CDN+LFC:0.0/H:2/DS0,1.9,573167.9208,8.30191,residential,tile_3,exp_7,12057002,Amatrice,38,Rieti,8,Lazio
exp_8,13.288650512695312,42.63345355637081,CR/LFINF+CDL+LFC:10.0/H:1/DS0,3.3,646551.2082,9.3223,residential,tile_3,exp_8,12057002,Amatrice,38,Rieti,8,Lazio
exp_9,13.285903930664062,42.6324432155653,CR/LFINF+CDN+LFC:0.0/H:3/DS0,4.8,2561938.645,39.75258,residential,tile_4,exp_9,12057002,Amatrice,38,Rieti,8,Lazio
exp_10,13.285903930664062,42.6324432155653,CR/LFINF+CDL+LFC:10.0/H:3/DS0,8.1,3277535.176,48.80339,residential,tile_4,exp_10,12057002,Amatrice,38,Rieti,8,Lazio
exp_11,13.287277221679688,42.6324432155653,MUR+STDRE/LWAL+CDN/H:4/DS0,3.8,2918129.708,51.869,residential,tile_5,exp_11,12057002,Amatrice,38,Rieti,8,Lazio
exp_12,13.287277221679688,42.6324432155653,CR/LFINF+CDL+LFC:10.0/H:3/DS0,6.3,2549194.026,37.95819,residential,tile_5,exp_12,12057002,Amatrice,38,Rieti,8,Lazio
exp_13,13.287277221679688,42.6324432155653,CR/LFINF+CDL+LFC:10.0/H:4/DS0,7.7,7132080.728,109.33113,residential,tile_5,exp_13,12057002,Amatrice,38,Rieti,8,Lazio
exp_14,13.288650512695312,42.6324432155653,MCF/LWAL+CDL/H:3/DS0,4.7,1797610.268,27.24392,residential,tile_6,exp_14,12057002,Amatrice,38,Rieti,8,Lazio
exp_15,13.288650512695312,42.6324432155653,MCF/LWAL+CDL/H:4/DS0,6.6,7814916.936,118.35651,residential,tile_6,exp_15,12057002,Amatrice,38,Rieti,8,Lazio
exp_16,13.285903930664062,42.63143285835813,CR/LFINF+CDN+LFC:0.0/H:4/DS0,8.4,11880960.69,192.7078,residential,tile_7,exp_16,12057002,Amatrice,38,Rieti,8,Lazio
exp_17,13.285903930664062,42.63143285835813,CR/LFINF+CDL+LFC:10.0/H:4/DS0,11.2,10373935.6,159.0271,residential,tile_7,exp_17,12057002,Amatrice,38,Rieti,8,Lazio
exp_18,13.287277221679688,42.63143285835813,CR/LFINF+CDN+LFC:0.0/H:3/DS0,2.1,1120848.157,17.39176,residential,tile_8,exp_18,12057002,Amatrice,38,Rieti,8,Lazio
exp_19,13.287277221679688,42.63143285835813,CR/LFINF+CDL+LFC:10.0/H:3/DS0,3.6,1456682.301,21.69039,residential,tile_8,exp_19,12057002,Amatrice,38,Rieti,8,Lazio
exp_20,13.287277221679688,42.63143285835813,MUR+STRUB/LWAL+CDN/H:3/DS0,7.9,2808074.917,47.72743,residential,tile_8,exp_20,12057002,Amatrice,38,Rieti,8,Lazio
exp_21,13.288650512695312,42.63143285835813,MCF/LWAL+CDL/H:3/DS0,2.4,917928.6477,13.91179,residential,tile_9,exp_21,12057002,Amatrice,38,Rieti,8,Lazio
exp_22,13.288650512695312,42.63143285835813,MUR+STDRE/LWAL+CDN/H:4/DS0,12.3,9445525.106,167.89176,residential,tile_9,exp_22,12057002,Amatrice,38,Rieti,8,Lazio
exp_23,13.288650512695312,42.63143285835813,CR/LFINF+CDL+LFC:10.0/H:2/DS0,5.4,1353833.99,19.84929,residential,tile_9,exp_23,12057002,Amatrice,38,Rieti,8,Lazio
exp_24,13.286914681539097,42.63269990076288,Budva_hotel/DS0,1.0,8000000.0,36.0,commercial,shm_Budva,exp_24,12057002,Amatrice,38,Rieti,8,Lazio
exp_25,13.287216802067627,42.63230032065465,Swiss_building/DS0,1.0,1300000.0,10.0,residential,shm_Swiss,exp_25,12057002,Amatrice,38,Rieti,8,Lazio
exp_26,13.287517721919645,42.632600583718485,Grenoble_city_hall/DS0,1.0,25000000.0,450.0,commercial,shm_Grenoble,exp_26,12057002,Amatrice,38,Rieti,8,Lazio
