id,lon,lat,taxonomy,number,structural,census,occupancy,building_id,original_asset_id,id_3,name_3,id_2,name_2,id_1,name_1
exp_1,13.399887084960938,42.34585783726364,MUR+STRUB/LWAL+CDN/H:1/DS0,8.6,1495409.859,24.50984,residential,tile_1,exp_1,13066049,L'Aquila,2,L'Aquila,1,Abruzzo
exp_2,13.399887084960938,42.34585783726364,MUR+STRUB/LWAL+CDN/H:2/DS0,4.2,963819.2995,15.84688,residential,tile_1,exp_2,13066049,L'Aquila,2,L'Aquila,1,Abruzzo
exp_3,13.401260375976562,42.34585783726364,MUR+STDRE/LWAL+CDN/H:4/DS0,4.1,3148508.369,55.96392,residential,tile_2,exp_3,13066049,L'Aquila,2,L'Aquila,1,Abruzzo
exp_4,13.401260375976562,42.34585783726364,MUR+STDRE/LWAL+CDN/H:5/DS0,6.2,5951448.746,105.78546,residential,tile_2,exp_4,13066049,L'Aquila,2,L'Aquila,1,Abruzzo
exp_5,13.401260375976562,42.34585783726364,MUR+STRUB/LWAL+CDN/H:3/DS0,11.2,3981068.236,67.6642,residential,tile_2,exp_5,13066049,L'Aquila,2,L'Aquila,1,Abruzzo
exp_6,13.402633666992188,42.34585783726364,CR/LFINF+CDN+LFC:0.0/H:1/DS0,2.7,628511.6356,9.25242,residential,tile_3,exp_6,13066049,L'Aquila,2,L'Aquila,1,Abruzzo
exp_7,13.402633666992188,42.34585783726364,CR/LFINF+CDN+LFC:0.0/H:2/DS0,1.9,573167.9208,8.30191,residential,tile_3,exp_7,13066049,L'Aquila,2,L'Aquila,1,Abruzzo
exp_8,13.402633666992188,42.34585783726364,CR/LFINF+CDL+LFC:10.0/H:1/DS0,3.3,646551.2082,9.3223,residential,tile_3,exp_8,13066049,L'Aquila,2,L'Aquila,1,Abruzzo
exp_9,13.399887084960938,42.34484284039354,CR/LFINF+CDN+LFC:0.0/H:3/DS0,4.8,2561938.645,39.75258,residential,tile_4,exp_9,13066049,L'Aquila,2,L'Aquila,1,Abruzzo
exp_10,13.399887084960938,42.34484284039354,CR/LFINF+CDL+LFC:10.0/H:3/DS0,8.1,3277535.176,48.80339,residential,tile_4,exp_10,13066049,L'Aquila,2,L'Aquila,1,Abruzzo
exp_11,13.401260375976562,42.34484284039354,MUR+STDRE/LWAL+CDN/H:4/DS0,3.8,2918129.708,51.869,residential,tile_5,exp_11,13066049,L'Aquila,2,L'Aquila,1,Abruzzo
exp_12,13.401260375976562,42.34484284039354,CR/LFINF+CDL+LFC:10.0/H:3/DS0,6.3,2549194.026,37.95819,residential,tile_5,exp_12,13066049,L'Aquila,2,L'Aquila,1,Abruzzo
exp_13,13.401260375976562,42.34484284039354,CR/LFINF+CDL+LFC:10.0/H:4/DS0,7.7,7132080.728,109.33113,residential,tile_5,exp_13,13066049,L'Aquila,2,L'Aquila,1,Abruzzo
exp_14,13.402633666992188,42.34484284039354,MCF/LWAL+CDL/H:3/DS0,4.7,1797610.268,27.24392,residential,tile_6,exp_14,13066049,L'Aquila,2,L'Aquila,1,Abruzzo
exp_15,13.402633666992188,42.34484284039354,MCF/LWAL+CDL/H:4/DS0,6.6,7814916.936,118.35651,residential,tile_6,exp_15,13066049,L'Aquila,2,L'Aquila,1,Abruzzo
exp_16,13.399887084960938,42.34382782713625,CR/LFINF+CDN+LFC:0.0/H:4/DS0,8.4,11880960.69,192.7078,residential,tile_7,exp_16,13066049,L'Aquila,2,L'Aquila,1,Abruzzo
exp_17,13.399887084960938,42.34382782713625,CR/LFINF+CDL+LFC:10.0/H:4/DS0,11.2,10373935.6,159.0271,residential,tile_7,exp_17,13066049,L'Aquila,2,L'Aquila,1,Abruzzo
exp_18,13.401260375976562,42.34382782713625,CR/LFINF+CDN+LFC:0.0/H:3/DS0,2.1,1120848.157,17.39176,residential,tile_8,exp_18,13066049,L'Aquila,2,L'Aquila,1,Abruzzo
exp_19,13.401260375976562,42.34382782713625,CR/LFINF+CDL+LFC:10.0/H:3/DS0,3.6,1456682.301,21.69039,residential,tile_8,exp_19,13066049,L'Aquila,2,L'Aquila,1,Abruzzo
exp_20,13.401260375976562,42.34382782713625,MUR+STRUB/LWAL+CDN/H:3/DS0,7.9,2808074.917,47.72743,residential,tile_8,exp_20,13066049,L'Aquila,2,L'Aquila,1,Abruzzo
exp_21,13.402633666992188,42.34382782713625,MCF/LWAL+CDL/H:3/DS0,2.4,917928.6477,13.91179,residential,tile_9,exp_21,13066049,L'Aquila,2,L'Aquila,1,Abruzzo
exp_22,13.402633666992188,42.34382782713625,MUR+STDRE/LWAL+CDN/H:4/DS0,12.3,9445525.106,167.89176,residential,tile_9,exp_22,13066049,L'Aquila,2,L'Aquila,1,Abruzzo
exp_23,13.402633666992188,42.34382782713625,CR/LFINF+CDL+LFC:10.0/H:2/DS0,5.4,1353833.99,19.84929,residential,tile_9,exp_23,13066049,L'Aquila,2,L'Aquila,1,Abruzzo
exp_24,13.400900000447196,42.345099982718224,Budva_hotel/DS0,1.0,8000000.0,36.0,commercial,shm_Budva,exp_24,13066049,L'Aquila,2,L'Aquila,1,Abruzzo
exp_25,13.40119999999996,42.344699976950494,Swiss_building/DS0,1.0,1300000.0,10.0,residential,shm_Swiss,exp_25,13066049,L'Aquila,2,L'Aquila,1,Abruzzo
exp_26,13.401499999884045,42.344999983822525,Grenoble_city_hall/DS0,1.0,25000000.0,450.0,commercial,shm_Grenoble,exp_26,13066049,L'Aquila,2,L'Aquila,1,Abruzzo
