catalogue_filename,type_analysis
forecast_2009_04_06T00_00_00day.txt,OELF
LAquila_EQ_01.csv,RLA
forecast_2009_04_06T01_32_41day.txt,OELF
LAquila_EQ_02.csv,RLA
forecast_2009_04_06T02_37_05day.txt,OELF
LAquila_EQ_03.csv,RLA
forecast_2009_04_06T23_15_37day.txt,OELF
LAquila_EQ_04.csv,RLA
forecast_2009_04_07T09_26_29day.txt,OELF
LAquila_EQ_05.csv,RLA
forecast_2009_04_07T17_47_38day.txt,OELF
LAquila_EQ_06.csv,RLA
forecast_2009_04_09T00_53_00day.txt,OELF
LAquila_EQ_07.csv,RLA
forecast_2009_04_09T19_38_17day.txt,OELF
forecast_2009_04_13T00_00_00day.txt,OELF
LAquila_EQ_08.csv,RLA
forecast_2009_04_13T21_14_25day.txt,OELF
